record,year,position_in_draw,result,result_code,tournament_stage,player,country,matches_played,matches_won,matches_lost,frames_played,frames_won,frames_lost,match_win_pct,frame_win_pct
1,1977,1,Quarter-Finals,QF,3,Ray Reardon,WAL,2,1,1,39,19,20,50,48.71794872
2,1977,2,Last 16,L16,2,Patsy Fagan,IRL,1,0,1,20,7,13,0,35
3,1977,3,Winner,W,6,John Spencer,ENG,4,4,0,121,69,52,100,57.02479339
4,1977,4,Last 16,L16,2,John Virgo,ENG,1,0,1,22,9,13,0,40.90909091
5,1977,5,Quarter-Finals,QF,3,Graham Miles,ENG,2,1,1,40,23,17,50,57.5
6,1977,6,Last 16,L16,2,Willie Thorne,ENG,1,0,1,17,4,13,0,23.52941176
7,1977,7,Last 16,L16,2,Fred Davis,ENG,1,0,1,25,12,13,0,48
8,1977,8,Semi-Finals,SF,4,John Pulman,ENG,3,2,1,82,42,40,66.66666667,51.2195122
9,1977,9,Quarter-Finals,QF,3,Eddie Charlton,AUS,2,1,1,43,25,18,50,58.13953488
10,1977,10,Last 16,L16,2,David Taylor,ENG,1,0,1,18,5,13,0,27.77777778
11,1977,11,Last 16,L16,2,Rex Williams,ENG,1,0,1,19,6,13,0,31.57894737
12,1977,12,Runner-Up,TF,5,Cliff Thorburn,CAN,4,3,1,124,65,59,75,52.41935484
13,1977,13,Last 16,L16,2,Perrie Mans,RSA,1,0,1,24,11,13,0,45.83333333
14,1977,14,Semi-Finals,SF,4,Dennis Taylor,NIR,3,2,1,82,42,40,66.66666667,51.2195122
15,1977,15,Last 16,L16,2,Alex Higgins,NIR,1,0,1,25,12,13,0,48
16,1977,16,Quarter-Finals,QF,3,Doug Mountjoy,WAL,2,1,1,49,24,25,50,48.97959184
17,1978,1,Last 16,L16,2,John Spencer,ENG,1,0,1,21,8,13,0,38.0952381
18,1978,2,Runner-Up,TF,5,Perrie Mans,RSA,4,3,1,118,62,56,75,52.54237288
19,1978,3,Quarter-Finals,QF,3,Graham Miles,ENG,2,1,1,43,20,23,50,46.51162791
20,1978,4,Last 16,L16,2,David Taylor,ENG,1,0,1,23,10,13,0,43.47826087
21,1978,5,Last 16,L16,2,Alex Higgins,NIR,1,0,1,25,12,13,0,48
22,1978,6,Quarter-Finals,QF,3,Patsy Fagan,IRL,2,1,1,48,23,25,50,47.91666667
23,1978,7,Last 16,L16,2,Dennis Taylor,NIR,1,0,1,22,9,13,0,40.90909091
24,1978,8,Semi-Finals,SF,4,Fred Davis,ENG,4,2,2,89,45,44,50,50.56179775
25,1978,9,Semi-Finals,SF,4,Eddie Charlton,AUS,4,3,1,92,47,45,75,51.08695652
26,1978,10,Last 16,L16,2,Willie Thorne,ENG,1,0,1,25,12,13,0,48
27,1978,11,Quarter-Finals,QF,3,Cliff Thorburn,CAN,2,1,1,46,25,21,50,54.34782609
28,1978,12,Last 16,L16,2,Pat Houlihan,ENG,1,0,1,21,8,13,0,38.0952381
29,1978,13,Last 16,L16,2,John Pulman,ENG,1,0,1,17,4,13,0,23.52941176
30,1978,14,Quarter-Finals,QF,3,Bill Werbeniuk,CAN,2,1,1,36,19,17,50,52.77777778
31,1978,15,Winner,W,6,Ray Reardon,WAL,4,4,0,116,69,47,100,59.48275862
32,1978,16,Last 16,L16,2,Doug Mountjoy,WAL,1,0,1,22,9,13,0,40.90909091
33,1979,1,Quarter-Finals,QF,3,Ray Reardon,WAL,2,1,1,42,21,21,50,50
34,1979,2,Last 16,L16,2,Graham Miles,ENG,1,0,1,21,8,13,0,38.0952381
35,1979,3,Runner-Up,TF,5,Dennis Taylor,NIR,4,3,1,116,61,55,75,52.5862069
36,1979,4,Last 16,L16,2,Steve Davis,ENG,1,0,1,24,11,13,0,45.83333333
37,1979,5,Last 16,L16,2,Cliff Thorburn,CAN,1,0,1,23,10,13,0,43.47826087
38,1979,6,Semi-Finals,SF,4,John Virgo,ENG,4,2,2,86,41,45,50,47.6744186
39,1979,7,Last 16,L16,2,John Spencer,ENG,1,0,1,24,11,13,0,45.83333333
40,1979,8,Quarter-Finals,QF,3,Bill Werbeniuk,CAN,2,1,1,46,22,24,50,47.82608696
41,1979,9,Semi-Finals,SF,4,Eddie Charlton,AUS,4,3,1,82,50,32,75,60.97560976
42,1979,10,Last 16,L16,2,Doug Mountjoy,WAL,1,0,1,19,6,13,0,31.57894737
43,1979,11,Quarter-Finals,QF,3,Fred Davis,ENG,2,1,1,38,17,21,50,44.73684211
44,1979,12,Last 16,L16,2,Kirk Stevens,CAN,1,0,1,21,8,13,0,38.0952381
45,1979,13,Quarter-Finals,QF,3,Alex Higgins,NIR,2,1,1,43,25,18,50,58.13953488
46,1979,14,Last 16,L16,2,David Taylor,ENG,1,0,1,18,5,13,0,27.77777778
47,1979,15,Last 16,L16,2,Perrie Mans,RSA,1,0,1,21,8,13,0,38.0952381
48,1979,16,Winner,W,6,Terry Griffiths,WAL,4,4,0,122,69,53,100,56.55737705
49,1980,1,Last 16,L16,2,Terry Griffiths,WAL,1,0,1,23,10,13,0,43.47826087
50,1980,2,Quarter-Finals,QF,3,Steve Davis,ENG,3,2,1,61,32,29,66.66666667,52.45901639
51,1980,3,First Round,1R,1,Patsy Fagan,IRL,1,0,1,16,6,10,0,37.5
52,1980,4,Last 16,L16,2,Perrie Mans,RSA,1,0,1,19,6,13,0,31.57894737
53,1980,5,Runner-Up,TF,5,Alex Higgins,NIR,5,4,1,123,68,55,80,55.28455285
54,1980,6,First Round,1R,1,Tony Meo,ENG,1,0,1,19,9,10,0,47.36842105
55,1980,7,Last 16,L16,2,John Spencer,ENG,1,0,1,21,8,13,0,38.0952381
56,1980,8,Semi-Finals,SF,4,Kirk Stevens,CAN,4,3,1,83,49,34,75,59.03614458
57,1980,9,First Round,1R,1,Graham Miles,ENG,1,0,1,13,3,10,0,23.07692308
58,1980,10,Quarter-Finals,QF,3,Eddie Charlton,AUS,2,1,1,45,20,25,50,44.44444444
59,1980,11,Last 16,L16,2,John Virgo,ENG,2,1,1,37,22,15,50,59.45945946
60,1980,12,First Round,1R,1,Jim Meadowcroft,ENG,1,0,1,12,2,10,0,16.66666667
61,1980,13,Winner,W,6,Cliff Thorburn,CAN,4,4,0,99,60,39,100,60.60606061
62,1980,14,Last 16,L16,2,Doug Mountjoy,WAL,2,1,1,39,20,19,50,51.28205128
63,1980,15,First Round,1R,1,Cliff Wilson,WAL,1,0,1,16,6,10,0,37.5
64,1980,16,Last 16,L16,2,Dennis Taylor,NIR,1,0,1,23,10,13,0,43.47826087
65,1980,17,Quarter-Finals,QF,3,Jim Wych,CAN,3,2,1,57,29,28,66.66666667,50.87719298
66,1980,18,First Round,1R,1,John Pulman,ENG,1,0,1,15,5,10,0,33.33333333
67,1980,19,Last 16,L16,2,Fred Davis,ENG,1,0,1,18,5,13,0,27.77777778
68,1980,20,Semi-Finals,SF,4,David Taylor,ENG,4,3,1,78,43,35,75,55.12820513
69,1980,21,First Round,1R,1,Ray Edmonds,ENG,1,0,1,13,3,10,0,23.07692308
70,1980,22,Quarter-Finals,QF,3,Ray Reardon,WAL,2,1,1,43,24,19,50,55.81395349
71,1980,23,Last 16,L16,2,Bill Werbeniuk,CAN,2,1,1,38,16,22,50,42.10526316
72,1980,24,First Round,1R,1,Willie Thorne,ENG,1,0,1,19,9,10,0,47.36842105
73,1981,1,Semi-Finals,SF,4,Cliff Thorburn,CAN,3,2,1,60,36,24,66.66666667,60
74,1981,2,Last 16,L16,2,Graham Miles,ENG,2,1,1,33,12,21,50,36.36363636
75,1981,3,First Round,1R,1,Tony Knowles,ENG,1,0,1,18,8,10,0,44.44444444
76,1981,4,Last 16,L16,2,Fred Davis,ENG,1,0,1,16,3,13,0,18.75
77,1981,5,Quarter-Finals,QF,3,David Taylor,ENG,3,2,1,51,29,22,66.66666667,56.8627451
78,1981,6,First Round,1R,1,Cliff Wilson,WAL,1,0,1,16,6,10,0,37.5
79,1981,7,Quarter-Finals,QF,3,Terry Griffiths,WAL,2,1,1,41,22,19,50,53.65853659
80,1981,8,Last 16,L16,2,Tony Meo,ENG,2,1,1,35,16,19,50,45.71428571
81,1981,9,First Round,1R,1,John Virgo,ENG,1,0,1,16,6,10,0,37.5
82,1981,10,Last 16,L16,2,Alex Higgins,NIR,1,0,1,21,8,13,0,38.0952381
83,1981,11,Winner,W,6,Steve Davis,ENG,5,5,0,117,70,47,100,59.82905983
84,1981,12,First Round,1R,1,Jimmy White,ENG,1,0,1,18,8,10,0,44.44444444
85,1981,13,Last 16,L16,2,Eddie Charlton,AUS,1,0,1,20,7,13,0,35
86,1981,14,Runner-Up,TF,5,Doug Mountjoy,WAL,5,4,1,113,64,49,80,56.63716814
87,1981,15,First Round,1R,1,Willie Thorne,ENG,1,0,1,16,6,10,0,37.5
88,1981,16,Quarter-Finals,QF,3,Dennis Taylor,NIR,2,1,1,45,21,24,50,46.66666667
89,1981,17,Last 16,L16,2,Kirk Stevens,CAN,2,1,1,38,21,17,50,55.26315789
90,1981,18,First Round,1R,1,John Dunning,ENG,1,0,1,14,4,10,0,28.57142857
91,1981,19,Last 16,L16,2,Perrie Mans,RSA,1,0,1,18,5,13,0,27.77777778
92,1981,20,Quarter-Finals,QF,3,Bill Werbeniuk,CAN,3,2,1,55,33,22,66.66666667,60
93,1981,21,First Round,1R,1,Dave Martin,ENG,1,0,1,14,4,10,0,28.57142857
94,1981,22,Semi-Finals,SF,4,Ray Reardon,WAL,3,2,1,73,36,37,66.66666667,49.31506849
95,1981,23,Last 16,L16,2,John Spencer,ENG,2,1,1,43,21,22,50,48.8372093
96,1981,24,First Round,1R,1,Ray Edmonds,ENG,1,0,1,19,9,10,0,47.36842105
97,1982,1,First Round,1R,1,Steve Davis,ENG,1,0,1,11,1,10,0,9.090909091
98,1982,2,Quarter-Finals,QF,3,Tony Knowles,ENG,3,2,1,55,34,21,66.66666667,61.81818182
99,1982,3,Last 16,L16,2,Graham Miles,ENG,2,1,1,35,17,18,50,48.57142857
100,1982,4,First Round,1R,1,Dave Martin,ENG,1,0,1,15,5,10,0,33.33333333
101,1982,5,Last 16,L16,2,Bill Werbeniuk,CAN,2,1,1,35,15,20,50,42.85714286
102,1982,6,First Round,1R,1,John Bear,CAN,1,0,1,17,7,10,0,41.17647059
103,1982,7,Semi-Finals,SF,4,Eddie Charlton,AUS,4,3,1,84,47,37,75,55.95238095
104,1982,8,First Round,1R,1,Cliff Wilson,WAL,1,0,1,15,5,10,0,33.33333333
105,1982,9,First Round,1R,1,Dennis Taylor,NIR,1,0,1,17,7,10,0,41.17647059
106,1982,10,Quarter-Finals,QF,3,Silvino Francisco,RSA,3,2,1,59,31,28,66.66666667,52.54237288
107,1982,11,First Round,1R,1,Fred Davis,ENG,1,0,1,17,7,10,0,41.17647059
108,1982,12,Last 16,L16,2,Dean Reynolds,ENG,2,1,1,38,18,20,50,47.36842105
109,1982,13,Last 16,L16,2,John Virgo,ENG,2,1,1,35,18,17,50,51.42857143
110,1982,14,First Round,1R,1,Mike Hallett,ENG,1,0,1,14,4,10,0,28.57142857
111,1982,15,Runner-Up,TF,5,Ray Reardon,WAL,5,4,1,117,67,50,80,57.26495726
112,1982,16,First Round,1R,1,Jim Donnelly,SCO,1,0,1,15,5,10,0,33.33333333
113,1982,17,First Round,1R,1,Terry Griffiths,WAL,1,0,1,16,6,10,0,37.5
114,1982,18,Quarter-Finals,QF,3,Willie Thorne,ENG,3,2,1,57,33,24,66.66666667,57.89473684
115,1982,19,Last 16,L16,2,John Spencer,ENG,2,1,1,32,15,17,50,46.875
116,1982,20,First Round,1R,1,John Dunning,ENG,1,0,1,14,4,10,0,28.57142857
117,1982,21,Winner,W,6,Alex Higgins,NIR,5,5,0,127,70,57,100,55.11811024
118,1982,22,First Round,1R,1,Jim Meadowcroft,ENG,1,0,1,15,5,10,0,33.33333333
119,1982,23,Last 16,L16,2,Doug Mountjoy,WAL,2,1,1,38,22,16,50,57.89473684
120,1982,24,First Round,1R,1,Rex Williams,ENG,1,0,1,13,3,10,0,23.07692308
121,1982,25,First Round,1R,1,David Taylor,ENG,1,0,1,19,9,10,0,47.36842105
122,1982,26,Last 16,L16,2,Patsy Fagan,IRL,2,1,1,39,17,22,50,43.58974359
123,1982,27,Quarter-Finals,QF,3,Kirk Stevens,CAN,3,2,1,56,32,24,66.66666667,57.14285714
124,1982,28,First Round,1R,1,Jack Fitzmaurice,ENG,1,0,1,14,4,10,0,28.57142857
125,1982,29,Last 16,L16,2,Perrie Mans,RSA,2,1,1,37,16,21,50,43.24324324
126,1982,30,First Round,1R,1,Tony Meo,ENG,1,0,1,18,8,10,0,44.44444444
127,1982,31,First Round,1R,1,Cliff Thorburn,CAN,1,0,1,14,4,10,0,28.57142857
128,1982,32,Semi-Finals,SF,4,Jimmy White,ENG,4,3,1,86,51,35,75,59.30232558
129,1983,1,Semi-Finals,SF,4,Alex Higgins,NIR,4,3,1,80,41,39,75,51.25
130,1983,2,First Round,1R,1,Dean Reynolds,ENG,1,0,1,14,4,10,0,28.57142857
131,1983,3,Last 16,L16,2,Willie Thorne,ENG,2,1,1,34,18,16,50,52.94117647
132,1983,4,First Round,1R,1,John Virgo,ENG,1,0,1,13,3,10,0,23.07692308
133,1983,5,Quarter-Finals,QF,3,Bill Werbeniuk,CAN,3,2,1,61,34,27,66.66666667,55.73770492
134,1983,6,First Round,1R,1,Dave Martin,ENG,1,0,1,14,4,10,0,28.57142857
135,1983,7,Last 16,L16,2,David Taylor,ENG,2,1,1,35,20,15,50,57.14285714
136,1983,8,First Round,1R,1,Jim Meadowcroft,ENG,1,0,1,12,2,10,0,16.66666667
137,1983,9,Quarter-Finals,QF,3,Eddie Charlton,AUS,3,2,1,59,28,31,66.66666667,47.45762712
138,1983,10,First Round,1R,1,Les Dodd,ENG,1,0,1,17,7,10,0,41.17647059
139,1983,11,Last 16,L16,2,John Spencer,ENG,2,1,1,41,21,20,50,51.2195122
140,1983,12,First Round,1R,1,Mike Hallett,ENG,1,0,1,17,7,10,0,41.17647059
141,1983,13,Last 16,L16,2,Dennis Taylor,NIR,2,1,1,43,21,22,50,48.8372093
142,1983,14,First Round,1R,1,Silvino Francisco,RSA,1,0,1,19,9,10,0,47.36842105
143,1983,15,Winner,W,6,Steve Davis,ENG,5,5,0,101,70,31,100,69.30693069
144,1983,16,First Round,1R,1,Rex Williams,ENG,1,0,1,14,4,10,0,28.57142857
145,1983,17,Runner-Up,TF,5,Cliff Thorburn,CAN,5,4,1,120,58,62,80,48.33333333
146,1983,18,First Round,1R,1,John Campbell,AUS,1,0,1,15,5,10,0,33.33333333
147,1983,19,Last 16,L16,2,Terry Griffiths,WAL,2,1,1,43,22,21,50,51.1627907
148,1983,20,First Round,1R,1,Mark Wildman,ENG,1,0,1,18,8,10,0,44.44444444
149,1983,21,Last 16,L16,2,Perrie Mans,RSA,2,1,1,29,13,16,50,44.82758621
150,1983,22,First Round,1R,1,Ian Black,SCO,1,0,1,13,3,10,0,23.07692308
151,1983,23,Quarter-Finals,QF,3,Kirk Stevens,CAN,3,2,1,53,35,18,66.66666667,66.03773585
152,1983,24,First Round,1R,1,Mick Fisher,ENG,1,0,1,12,2,10,0,16.66666667
153,1983,25,Last 16,L16,2,Doug Mountjoy,WAL,2,1,1,36,21,15,50,58.33333333
154,1983,26,First Round,1R,1,Cliff Wilson,WAL,1,0,1,12,2,10,0,16.66666667
155,1983,27,First Round,1R,1,Jimmy White,ENG,1,0,1,18,8,10,0,44.44444444
156,1983,28,Quarter-Finals,QF,3,Tony Meo,ENG,3,2,1,64,32,32,66.66666667,50
157,1983,29,Semi-Finals,SF,4,Tony Knowles,ENG,4,3,1,91,51,40,75,56.04395604
158,1983,30,First Round,1R,1,Graham Miles,ENG,1,0,1,13,3,10,0,23.07692308
159,1983,31,Last 16,L16,2,Ray Reardon,WAL,2,1,1,42,22,20,50,52.38095238
160,1983,32,First Round,1R,1,Eugene Hughes,IRL,1,0,1,17,7,10,0,41.17647059
161,1984,1,Winner,W,6,Steve Davis,ENG,5,5,0,113,70,43,100,61.94690265
162,1984,2,First Round,1R,1,Warren King,AUS,1,0,1,13,3,10,0,23.07692308
163,1984,3,Last 16,L16,2,John Spencer,ENG,2,1,1,31,15,16,50,48.38709677
164,1984,4,First Round,1R,1,Graham Miles,ENG,1,0,1,13,3,10,0,23.07692308
165,1984,5,Quarter-Finals,QF,3,Terry Griffiths,WAL,3,2,1,53,33,20,66.66666667,62.26415094
166,1984,6,First Round,1R,1,Paul Mifsud,MLT,1,0,1,12,2,10,0,16.66666667
167,1984,7,Last 16,L16,2,Bill Werbeniuk,CAN,2,1,1,32,15,17,50,46.875
168,1984,8,First Round,1R,1,Fred Davis,ENG,1,0,1,14,4,10,0,28.57142857
169,1984,9,First Round,1R,1,Alex Higgins,NIR,1,0,1,19,9,10,0,47.36842105
170,1984,10,Last 16,L16,2,Neal Foulds,ENG,2,1,1,38,16,22,50,42.10526316
171,1984,11,Quarter-Finals,QF,3,Doug Mountjoy,WAL,3,2,1,54,31,23,66.66666667,57.40740741
172,1984,12,First Round,1R,1,Mike Hallett,ENG,1,0,1,14,4,10,0,28.57142857
173,1984,13,Semi-Finals,SF,4,Dennis Taylor,NIR,4,3,1,81,45,36,75,55.55555556
174,1984,14,First Round,1R,1,Joe Johnson,ENG,1,0,1,11,1,10,0,9.090909091
175,1984,15,First Round,1R,1,Tony Knowles,ENG,1,0,1,17,7,10,0,41.17647059
176,1984,16,Last 16,L16,2,John Parrott,ENG,2,1,1,41,21,20,50,51.2195122
177,1984,17,Quarter-Finals,QF,3,Cliff Thorburn,CAN,3,2,1,58,31,27,66.66666667,53.44827586
178,1984,18,First Round,1R,1,Mario Morra,CAN,1,0,1,13,3,10,0,23.07692308
179,1984,19,First Round,1R,1,John Virgo,ENG,1,0,1,19,9,10,0,47.36842105
180,1984,20,Last 16,L16,2,Willie Thorne,ENG,2,1,1,43,21,22,50,48.8372093
181,1984,21,Runner-Up,TF,5,Jimmy White,ENG,5,4,1,121,68,53,80,56.19834711
182,1984,22,First Round,1R,1,Rex Williams,ENG,1,0,1,16,6,10,0,37.5
183,1984,23,Last 16,L16,2,Eddie Charlton,AUS,2,1,1,34,17,17,50,50
184,1984,24,First Round,1R,1,Roy Andrewartha,WAL,1,0,1,14,4,10,0,28.57142857
185,1984,25,Semi-Finals,SF,4,Kirk Stevens,CAN,4,3,1,79,50,29,75,63.29113924
186,1984,26,First Round,1R,1,Eddie Sinclair,SCO,1,0,1,11,1,10,0,9.090909091
187,1984,27,Last 16,L16,2,David Taylor,ENG,2,1,1,38,20,18,50,52.63157895
188,1984,28,First Round,1R,1,Marcel Gauvreau,CAN,1,0,1,15,5,10,0,33.33333333
189,1984,29,First Round,1R,1,Tony Meo,ENG,1,0,1,15,5,10,0,33.33333333
190,1984,30,Last 16,L16,2,Silvino Francisco,RSA,2,1,1,36,18,18,50,50
191,1984,31,Quarter-Finals,QF,3,Ray Reardon,WAL,3,2,1,53,25,28,66.66666667,47.16981132
192,1984,32,First Round,1R,1,Jim Wych,CAN,1,0,1,17,7,10,0,41.17647059
193,1985,1,Runner-Up,TF,5,Steve Davis,ENG,5,4,1,110,69,41,80,62.72727273
194,1985,2,First Round,1R,1,Neal Foulds,ENG,1,0,1,18,8,10,0,44.44444444
195,1985,3,Last 16,L16,2,David Taylor,ENG,2,1,1,31,14,17,50,45.16129032
196,1985,4,First Round,1R,1,Dene O'Kane,NZL,1,0,1,14,4,10,0,28.57142857
197,1985,5,Last 16,L16,2,Alex Higgins,NIR,2,1,1,34,17,17,50,50
198,1985,6,First Round,1R,1,Dean Reynolds,ENG,1,0,1,14,4,10,0,28.57142857
199,1985,7,Quarter-Finals,QF,3,Terry Griffiths,WAL,3,2,1,52,29,23,66.66666667,55.76923077
200,1985,8,First Round,1R,1,Rex Williams,ENG,1,0,1,13,3,10,0,23.07692308
201,1985,9,Semi-Finals,SF,4,Ray Reardon,WAL,4,3,1,87,41,46,75,47.12643678
202,1985,10,First Round,1R,1,Eugene Hughes,IRL,1,0,1,19,9,10,0,47.36842105
203,1985,11,First Round,1R,1,Willie Thorne,ENG,1,0,1,16,6,10,0,37.5
204,1985,12,Last 16,L16,2,Patsy Fagan,IRL,2,1,1,38,19,19,50,50
205,1985,13,First Round,1R,1,John Spencer,ENG,1,0,1,13,3,10,0,23.07692308
206,1985,14,Quarter-Finals,QF,3,John Parrott,ENG,3,2,1,57,35,22,66.66666667,61.40350877
207,1985,15,Last 16,L16,2,Kirk Stevens,CAN,2,1,1,37,16,21,50,43.24324324
208,1985,16,First Round,1R,1,Ray Edmonds,ENG,1,0,1,18,8,10,0,44.44444444
209,1985,17,Quarter-Finals,QF,3,Cliff Thorburn,CAN,3,2,1,52,28,24,66.66666667,53.84615385
210,1985,18,First Round,1R,1,Mike Hallett,ENG,1,0,1,18,8,10,0,44.44444444
211,1985,19,Last 16,L16,2,Bill Werbeniuk,CAN,2,1,1,34,13,21,50,38.23529412
212,1985,20,First Round,1R,1,Joe Johnson,ENG,1,0,1,18,8,10,0,44.44444444
213,1985,21,Winner,W,6,Dennis Taylor,NIR,5,5,0,105,70,35,100,66.66666667
214,1985,22,First Round,1R,1,Silvino Francisco,RSA,1,0,1,12,2,10,0,16.66666667
215,1985,23,Last 16,L16,2,Eddie Charlton,AUS,2,1,1,32,16,16,50,50
216,1985,24,First Round,1R,1,John Campbell,AUS,1,0,1,13,3,10,0,23.07692308
217,1985,25,Quarter-Finals,QF,3,Jimmy White,ENG,3,2,1,61,33,28,66.66666667,54.09836066
218,1985,26,First Round,1R,1,Wayne Jones,WAL,1,0,1,14,4,10,0,28.57142857
219,1985,27,Last 16,L16,2,Tony Meo,ENG,2,1,1,40,21,19,50,52.5
220,1985,28,First Round,1R,1,John Virgo,ENG,1,0,1,16,6,10,0,37.5
221,1985,29,Last 16,L16,2,Doug Mountjoy,WAL,2,1,1,34,16,18,50,47.05882353
222,1985,30,First Round,1R,1,Murdo MacLeod,SCO,1,0,1,15,5,10,0,33.33333333
223,1985,31,Semi-Finals,SF,4,Tony Knowles,ENG,4,3,1,81,41,40,75,50.61728395
224,1985,32,First Round,1R,1,Tony Jones,ENG,1,0,1,18,8,10,0,44.44444444
225,1986,1,First Round,1R,1,Dennis Taylor,NIR,1,0,1,16,6,10,0,37.5
226,1986,2,Last 16,L16,2,Mike Hallett,ENG,2,1,1,35,16,19,50,45.71428571
227,1986,3,Winner,W,6,Joe Johnson,ENG,5,5,0,111,70,41,100,63.06306306
228,1986,4,First Round,1R,1,Dave Martin,ENG,1,0,1,13,3,10,0,23.07692308
229,1986,5,Last 16,L16,2,Alex Higgins,NIR,2,1,1,42,22,20,50,52.38095238
230,1986,6,First Round,1R,1,John Spencer,ENG,1,0,1,17,7,10,0,41.17647059
231,1986,7,Quarter-Finals,QF,3,Terry Griffiths,WAL,3,2,1,62,35,27,66.66666667,56.4516129
232,1986,8,First Round,1R,1,Danny Fowler,ENG,1,0,1,12,2,10,0,16.66666667
233,1986,9,Quarter-Finals,QF,3,Kirk Stevens,CAN,3,2,1,63,32,31,66.66666667,50.79365079
234,1986,10,First Round,1R,1,Dean Reynolds,ENG,1,0,1,16,6,10,0,37.5
235,1986,11,Last 16,L16,2,Eddie Charlton,AUS,2,1,1,41,22,19,50,53.65853659
236,1986,12,First Round,1R,1,Cliff Wilson,WAL,1,0,1,16,6,10,0,37.5
237,1986,13,Last 16,L16,2,Silvino Francisco,RSA,2,1,1,37,20,17,50,54.05405405
238,1986,14,First Round,1R,1,Rex Williams,ENG,1,0,1,14,4,10,0,28.57142857
239,1986,15,Semi-Finals,SF,4,Tony Knowles,ENG,4,3,1,88,44,44,75,50
240,1986,16,First Round,1R,1,Neal Foulds,ENG,1,0,1,19,9,10,0,47.36842105
241,1986,17,Semi-Finals,SF,4,Cliff Thorburn,CAN,4,3,1,81,48,33,75,59.25925926
242,1986,18,First Round,1R,1,Bill Werbeniuk,CAN,1,0,1,15,5,10,0,33.33333333
243,1986,19,First Round,1R,1,David Taylor,ENG,1,0,1,17,7,10,0,41.17647059
244,1986,20,Last 16,L16,2,Eugene Hughes,IRL,2,1,1,36,16,20,50,44.44444444
245,1986,21,Quarter-Finals,QF,3,Willie Thorne,ENG,3,2,1,59,29,30,66.66666667,49.15254237
246,1986,22,First Round,1R,1,Stephen Hendry,SCO,1,0,1,18,8,10,0,44.44444444
247,1986,23,First Round,1R,1,Ray Reardon,WAL,1,0,1,18,8,10,0,44.44444444
248,1986,24,Last 16,L16,2,John Campbell,AUS,2,1,1,40,19,21,50,47.5
249,1986,25,Quarter-Finals,QF,3,Jimmy White,ENG,3,2,1,56,28,28,66.66666667,50
250,1986,26,First Round,1R,1,John Virgo,ENG,1,0,1,17,7,10,0,41.17647059
251,1986,27,First Round,1R,1,Tony Meo,ENG,1,0,1,14,4,10,0,28.57142857
252,1986,28,Last 16,L16,2,John Parrott,ENG,2,1,1,35,18,17,50,51.42857143
253,1986,29,Last 16,L16,2,Doug Mountjoy,WAL,2,1,1,31,15,16,50,48.38709677
254,1986,30,First Round,1R,1,Perrie Mans,RSA,1,0,1,13,3,10,0,23.07692308
255,1986,31,Runner-Up,TF,5,Steve Davis,ENG,5,4,1,108,64,44,80,59.25925926
256,1986,32,First Round,1R,1,Ray Edmonds,ENG,1,0,1,14,4,10,0,28.57142857
257,1987,1,Runner-Up,TF,5,Joe Johnson,ENG,5,4,1,121,66,55,80,54.54545455
258,1987,2,First Round,1R,1,Eugene Hughes,IRL,1,0,1,19,9,10,0,47.36842105
259,1987,3,First Round,1R,1,Rex Williams,ENG,1,0,1,15,5,10,0,33.33333333
260,1987,4,Last 16,L16,2,Murdo MacLeod,SCO,2,1,1,35,17,18,50,48.57142857
261,1987,5,First Round,1R,1,Kirk Stevens,CAN,1,0,1,14,4,10,0,28.57142857
262,1987,6,Last 16,L16,2,Steve Longworth,ENG,2,1,1,34,17,17,50,50
263,1987,7,First Round,1R,1,Willie Thorne,ENG,1,0,1,17,7,10,0,41.17647059
264,1987,8,Quarter-Finals,QF,3,Stephen Hendry,SCO,3,2,1,62,35,27,66.66666667,56.4516129
265,1987,9,First Round,1R,1,Tony Knowles,ENG,1,0,1,16,6,10,0,37.5
266,1987,10,Quarter-Finals,QF,3,Mike Hallett,ENG,3,2,1,60,32,28,66.66666667,53.33333333
267,1987,11,Last 16,L16,2,Silvino Francisco,RSA,2,1,1,35,19,16,50,54.28571429
268,1987,12,First Round,1R,1,John Campbell,AUS,1,0,1,13,3,10,0,23.07692308
269,1987,13,Semi-Finals,SF,4,Neal Foulds,ENG,4,3,1,84,45,39,75,53.57142857
270,1987,14,First Round,1R,1,John Virgo,ENG,1,0,1,14,4,10,0,28.57142857
271,1987,15,Last 16,L16,2,Dennis Taylor,NIR,2,1,1,37,20,17,50,54.05405405
272,1987,16,First Round,1R,1,Mark Bennett,WAL,1,0,1,14,4,10,0,28.57142857
273,1987,17,First Round,1R,1,Cliff Thorburn,CAN,1,0,1,15,5,10,0,33.33333333
274,1987,18,Quarter-Finals,QF,3,Dene O'Kane,NZL,3,2,1,52,29,23,66.66666667,55.76923077
275,1987,19,Last 16,L16,2,Doug Mountjoy,WAL,2,1,1,33,15,18,50,45.45454545
276,1987,20,First Round,1R,1,David Taylor,ENG,1,0,1,15,5,10,0,33.33333333
277,1987,21,First Round,1R,1,Tony Meo,ENG,1,0,1,18,8,10,0,44.44444444
278,1987,22,Last 16,L16,2,John Parrott,ENG,2,1,1,42,21,21,50,50
279,1987,23,Semi-Finals,SF,4,Jimmy White,ENG,4,3,1,88,47,41,75,53.40909091
280,1987,24,First Round,1R,1,Dean Reynolds,ENG,1,0,1,18,8,10,0,44.44444444
281,1987,25,Last 16,L16,2,Alex Higgins,NIR,2,1,1,39,20,19,50,51.28205128
282,1987,26,First Round,1R,1,Jon Wright,ENG,1,0,1,16,6,10,0,37.5
283,1987,27,Quarter-Finals,QF,3,Terry Griffiths,WAL,3,2,1,55,28,27,66.66666667,50.90909091
284,1987,28,First Round,1R,1,Jim Wych,CAN,1,0,1,14,4,10,0,28.57142857
285,1987,29,Last 16,L16,2,Ray Reardon,WAL,2,1,1,32,14,18,50,43.75
286,1987,30,First Round,1R,1,Barry West,ENG,1,0,1,15,5,10,0,33.33333333
287,1987,31,Winner,W,6,Steve Davis,ENG,5,5,0,111,70,41,100,63.06306306
288,1987,32,First Round,1R,1,Warren King,AUS,1,0,1,17,7,10,0,41.17647059
289,1988,1,Winner,W,6,Steve Davis,ENG,5,5,0,102,70,32,100,68.62745098
290,1988,2,First Round,1R,1,John Virgo,ENG,1,0,1,18,8,10,0,44.44444444
291,1988,3,Last 16,L16,2,Mike Hallett,ENG,2,1,1,26,11,15,50,42.30769231
292,1988,4,First Round,1R,1,Bob Chaperon,CAN,1,0,1,12,2,10,0,16.66666667
293,1988,5,First Round,1R,1,Alex Higgins,NIR,1,0,1,12,2,10,0,16.66666667
294,1988,6,Quarter-Finals,QF,3,Tony Drago,MLT,3,2,1,47,27,20,66.66666667,57.44680851
295,1988,7,Last 16,L16,2,Dennis Taylor,NIR,2,1,1,36,15,21,50,41.66666667
296,1988,8,First Round,1R,1,Bill Werbeniuk,CAN,1,0,1,18,8,10,0,44.44444444
297,1988,9,Last 16,L16,2,Joe Johnson,ENG,2,1,1,39,19,20,50,48.71794872
298,1988,10,First Round,1R,1,Cliff Wilson,WAL,1,0,1,17,7,10,0,41.17647059
299,1988,11,First Round,1R,1,Rex Williams,ENG,1,0,1,16,6,10,0,37.5
300,1988,12,Quarter-Finals,QF,3,Steve James,ENG,3,2,1,62,34,28,66.66666667,54.83870968
301,1988,13,Last 16,L16,2,John Parrott,ENG,2,1,1,37,20,17,50,54.05405405
302,1988,14,First Round,1R,1,Warren King,AUS,1,0,1,14,4,10,0,28.57142857
303,1988,15,Semi-Finals,SF,4,Cliff Thorburn,CAN,4,3,1,87,44,43,75,50.57471264
304,1988,16,First Round,1R,1,Kirk Stevens,CAN,1,0,1,16,6,10,0,37.5
305,1988,17,Quarter-Finals,QF,3,Neal Foulds,ENG,3,2,1,53,32,21,66.66666667,60.37735849
306,1988,18,First Round,1R,1,Wayne Jones,WAL,1,0,1,17,7,10,0,41.17647059
307,1988,19,Last 16,L16,2,Doug Mountjoy,WAL,2,1,1,30,11,19,50,36.66666667
308,1988,20,First Round,1R,1,Barry West,ENG,1,0,1,16,6,10,0,37.5
309,1988,21,Last 16,L16,2,Willie Thorne,ENG,2,1,1,38,19,19,50,50
310,1988,22,First Round,1R,1,Peter Francisco,RSA,1,0,1,16,6,10,0,37.5
311,1988,23,Runner-Up,TF,5,Terry Griffiths,WAL,5,4,1,111,63,48,80,56.75675676
312,1988,24,First Round,1R,1,Steve Longworth,ENG,1,0,1,11,1,10,0,9.090909091
313,1988,25,Quarter-Finals,QF,3,Tony Knowles,ENG,3,2,1,57,29,28,66.66666667,50.87719298
314,1988,26,First Round,1R,1,Danny Fowler,ENG,1,0,1,18,8,10,0,44.44444444
315,1988,27,First Round,1R,1,Silvino Francisco,RSA,1,0,1,17,7,10,0,41.17647059
316,1988,28,Last 16,L16,2,Eddie Charlton,AUS,2,1,1,37,17,20,50,45.94594595
317,1988,29,First Round,1R,1,Dean Reynolds,ENG,1,0,1,16,6,10,0,37.5
318,1988,30,Last 16,L16,2,Stephen Hendry,SCO,2,1,1,41,22,19,50,53.65853659
319,1988,31,Semi-Finals,SF,4,Jimmy White,ENG,4,3,1,84,47,37,75,55.95238095
320,1988,32,First Round,1R,1,John Campbell,AUS,1,0,1,13,3,10,0,23.07692308
321,1989,1,Winner,W,6,Steve Davis,ENG,5,5,0,93,70,23,100,75.2688172
322,1989,2,First Round,1R,1,Steve Newbury,WAL,1,0,1,15,5,10,0,33.33333333
323,1989,3,First Round,1R,1,Cliff Wilson,WAL,1,0,1,11,1,10,0,9.090909091
324,1989,4,Last 16,L16,2,Steve Duggan,ENG,2,1,1,27,13,14,50,48.14814815
325,1989,5,Quarter-Finals,QF,3,Mike Hallett,ENG,3,2,1,58,26,32,66.66666667,44.82758621
326,1989,6,First Round,1R,1,Doug Mountjoy,WAL,1,0,1,17,7,10,0,41.17647059
327,1989,7,First Round,1R,1,Tony Knowles,ENG,1,0,1,16,6,10,0,37.5
328,1989,8,Last 16,L16,2,David Roe,ENG,2,1,1,41,22,19,50,53.65853659
329,1989,9,Quarter-Finals,QF,3,Terry Griffiths,WAL,3,2,1,56,28,28,66.66666667,50
330,1989,10,First Round,1R,1,Bob Chaperon,CAN,1,0,1,16,6,10,0,37.5
331,1989,11,Last 16,L16,2,Silvino Francisco,RSA,2,1,1,38,19,19,50,50
332,1989,12,First Round,1R,1,Joe O'Boye,ENG,1,0,1,16,6,10,0,37.5
333,1989,13,Last 16,L16,2,Willie Thorne,ENG,2,1,1,32,14,18,50,43.75
334,1989,14,First Round,1R,1,Paddy Browne,IRL,1,0,1,15,5,10,0,33.33333333
335,1989,15,Semi-Finals,SF,4,Stephen Hendry,SCO,4,3,1,79,45,34,75,56.96202532
336,1989,16,First Round,1R,1,Gary Wilkinson,ENG,1,0,1,19,9,10,0,47.36842105
337,1989,17,First Round,1R,1,Neal Foulds,ENG,1,0,1,19,9,10,0,47.36842105
338,1989,18,Last 16,L16,2,Wayne Jones,WAL,2,1,1,35,13,22,50,37.14285714
339,1989,19,First Round,1R,1,Peter Francisco,RSA,1,0,1,17,7,10,0,41.17647059
340,1989,20,Quarter-Finals,QF,3,Dean Reynolds,ENG,3,2,1,55,32,23,66.66666667,58.18181818
341,1989,21,First Round,1R,1,Joe Johnson,ENG,1,0,1,15,5,10,0,33.33333333
342,1989,22,Semi-Finals,SF,4,Tony Meo,ENG,4,3,1,81,43,38,75,53.08641975
343,1989,23,First Round,1R,1,Cliff Thorburn,CAN,1,0,1,19,9,10,0,47.36842105
344,1989,24,Last 16,L16,2,Eddie Charlton,AUS,2,1,1,40,18,22,50,45
345,1989,25,Runner-Up,TF,5,John Parrott,ENG,5,4,1,106,55,51,80,51.88679245
346,1989,26,First Round,1R,1,Steve James,ENG,1,0,1,19,9,10,0,47.36842105
347,1989,27,Last 16,L16,2,Dennis Taylor,NIR,2,1,1,36,20,16,50,55.55555556
348,1989,28,First Round,1R,1,Eugene Hughes,IRL,1,0,1,13,3,10,0,23.07692308
349,1989,29,Last 16,L16,2,John Virgo,ENG,2,1,1,39,22,17,50,56.41025641
350,1989,30,First Round,1R,1,Darren Morgan,WAL,1,0,1,14,4,10,0,28.57142857
351,1989,31,Quarter-Finals,QF,3,Jimmy White,ENG,3,2,1,62,30,32,66.66666667,48.38709677
352,1989,32,First Round,1R,1,Dene O'Kane,NZL,1,0,1,17,7,10,0,41.17647059
353,1990,1,Semi-Finals,SF,4,Steve Davis,ENG,4,3,1,82,50,32,75,60.97560976
354,1990,2,First Round,1R,1,Eddie Charlton,AUS,1,0,1,11,1,10,0,9.090909091
355,1990,3,Last 16,L16,2,Steve James,ENG,2,1,1,35,17,18,50,48.57142857
356,1990,4,First Round,1R,1,Alex Higgins,NIR,1,0,1,15,5,10,0,33.33333333
357,1990,5,Last 16,L16,2,Willie Thorne,ENG,2,1,1,38,21,17,50,55.26315789
358,1990,6,First Round,1R,1,Tony Drago,MLT,1,0,1,14,4,10,0,28.57142857
359,1990,7,First Round,1R,1,Dennis Taylor,NIR,1,0,1,18,8,10,0,44.44444444
360,1990,8,Quarter-Finals,QF,3,Neal Foulds,ENG,3,2,1,63,31,32,66.66666667,49.20634921
361,1990,9,Quarter-Finals,QF,3,Terry Griffiths,WAL,3,2,1,51,28,23,66.66666667,54.90196078
362,1990,10,First Round,1R,1,Nigel Gilbert,ENG,1,0,1,14,4,10,0,28.57142857
363,1990,11,Last 16,L16,2,Tony Knowles,ENG,2,1,1,33,16,17,50,48.48484848
364,1990,12,First Round,1R,1,Tony Chappel,WAL,1,0,1,14,4,10,0,28.57142857
365,1990,13,Last 16,L16,2,John Virgo,ENG,2,1,1,35,16,19,50,45.71428571
366,1990,14,First Round,1R,1,Gary Wilkinson,ENG,1,0,1,16,6,10,0,37.5
367,1990,15,Runner-Up,TF,5,Jimmy White,ENG,5,4,1,111,64,47,80,57.65765766
368,1990,16,First Round,1R,1,Danny Fowler,ENG,1,0,1,14,4,10,0,28.57142857
369,1990,17,Winner,W,6,Stephen Hendry,SCO,5,5,0,113,70,43,100,61.94690265
370,1990,18,First Round,1R,1,Alain Robidoux,CAN,1,0,1,17,7,10,0,41.17647059
371,1990,19,Last 16,L16,2,Tony Meo,ENG,2,1,1,38,17,21,50,44.73684211
372,1990,20,First Round,1R,1,Wayne Jones,WAL,1,0,1,18,8,10,0,44.44444444
373,1990,21,First Round,1R,1,Joe Johnson,ENG,1,0,1,18,8,10,0,44.44444444
374,1990,22,Quarter-Finals,QF,3,Darren Morgan,WAL,3,2,1,58,29,29,66.66666667,50
375,1990,23,Last 16,L16,2,Mike Hallett,ENG,2,1,1,40,18,22,50,45
376,1990,24,First Round,1R,1,Steve Newbury,WAL,1,0,1,19,9,10,0,47.36842105
377,1990,25,Quarter-Finals,QF,3,Cliff Thorburn,CAN,3,2,1,60,29,31,66.66666667,48.33333333
378,1990,26,First Round,1R,1,Cliff Wilson,WAL,1,0,1,16,6,10,0,37.5
379,1990,27,Last 16,L16,2,Doug Mountjoy,WAL,2,1,1,43,22,21,50,51.1627907
380,1990,28,First Round,1R,1,Brady Gollan,CAN,1,0,1,18,8,10,0,44.44444444
381,1990,29,Last 16,L16,2,Dean Reynolds,ENG,2,1,1,41,21,20,50,51.2195122
382,1990,30,First Round,1R,1,Peter Francisco,RSA,1,0,1,17,7,10,0,41.17647059
383,1990,31,Semi-Finals,SF,4,John Parrott,ENG,4,3,1,89,47,42,75,52.80898876
384,1990,32,First Round,1R,1,Mark Bennett,WAL,1,0,1,19,9,10,0,47.36842105
385,1991,1,Quarter-Finals,QF,3,Stephen Hendry,SCO,3,2,1,59,34,25,66.66666667,57.62711864
386,1991,2,First Round,1R,1,Warren King,AUS,1,0,1,14,4,10,0,28.57142857
387,1991,3,Last 16,L16,2,Alain Robidoux,CAN,2,1,1,36,18,18,50,50
388,1991,4,First Round,1R,1,Steve Newbury,WAL,1,0,1,15,5,10,0,33.33333333
389,1991,5,Semi-Finals,SF,4,Steve James,ENG,4,3,1,87,45,42,75,51.72413793
390,1991,6,First Round,1R,1,Ian Graham,ENG,1,0,1,13,3,10,0,23.07692308
391,1991,7,Last 16,L16,2,Dean Reynolds,ENG,2,1,1,43,22,21,50,51.1627907
392,1991,8,First Round,1R,1,Robert Marshall,ENG,1,0,1,18,8,10,0,44.44444444
393,1991,9,First Round,1R,1,Doug Mountjoy,WAL,1,0,1,12,2,10,0,16.66666667
394,1991,10,Quarter-Finals,QF,3,Gary Wilkinson,ENG,3,2,1,50,26,24,66.66666667,52
395,1991,11,Last 16,L16,2,Martin Clark,ENG,2,1,1,38,19,19,50,50
396,1991,12,First Round,1R,1,Mark Bennett,WAL,1,0,1,16,6,10,0,37.5
397,1991,13,Last 16,L16,2,Neal Foulds,ENG,2,1,1,42,22,20,50,52.38095238
398,1991,14,First Round,1R,1,Eddie Charlton,AUS,1,0,1,17,7,10,0,41.17647059
399,1991,15,Runner-Up,TF,5,Jimmy White,ENG,5,4,1,108,63,45,80,58.33333333
400,1991,16,First Round,1R,1,Nick Dyson,ENG,1,0,1,13,3,10,0,23.07692308
401,1991,17,Winner,W,6,John Parrott,ENG,5,5,0,108,70,38,100,64.81481481
402,1991,18,First Round,1R,1,Nigel Gilbert,ENG,1,0,1,16,6,10,0,37.5
403,1991,19,First Round,1R,1,John Virgo,ENG,1,0,1,18,8,10,0,44.44444444
404,1991,20,Last 16,L16,2,Tony Knowles,ENG,2,1,1,32,11,21,50,34.375
405,1991,21,First Round,1R,1,Willie Thorne,ENG,1,0,1,18,8,10,0,44.44444444
406,1991,22,Last 16,L16,2,Alan McManus,SCO,2,1,1,43,22,21,50,51.1627907
407,1991,23,Quarter-Finals,QF,3,Terry Griffiths,WAL,3,2,1,61,33,28,66.66666667,54.09836066
408,1991,24,First Round,1R,1,Barry Pinches,ENG,1,0,1,13,3,10,0,23.07692308
409,1991,25,First Round,1R,1,Mike Hallett,ENG,1,0,1,14,4,10,0,28.57142857
410,1991,26,Last 16,L16,2,Tony Jones,ENG,2,1,1,35,18,17,50,51.42857143
411,1991,27,Quarter-Finals,QF,3,Dennis Taylor,NIR,3,2,1,57,30,27,66.66666667,52.63157895
412,1991,28,First Round,1R,1,Joe Johnson,ENG,1,0,1,16,6,10,0,37.5
413,1991,29,Last 16,L16,2,Tony Meo,ENG,2,1,1,36,16,20,50,44.44444444
414,1991,30,First Round,1R,1,Craig Edwards,ENG,1,0,1,17,7,10,0,41.17647059
415,1991,31,Semi-Finals,SF,4,Steve Davis,ENG,4,3,1,83,46,37,75,55.42168675
416,1991,32,First Round,1R,1,Ken Doherty,IRL,1,0,1,18,8,10,0,44.44444444
417,1992,1,Quarter-Finals,QF,3,John Parrott,ENG,3,2,1,52,35,17,66.66666667,67.30769231
418,1992,2,First Round,1R,1,Eddie Charlton,AUS,1,0,1,10,0,10,0,0
419,1992,3,Last 16,L16,2,Tony Knowles,ENG,2,1,1,31,14,17,50,45.16129032
420,1992,4,First Round,1R,1,Mark Johnston-Allen,ENG,1,0,1,14,4,10,0,28.57142857
421,1992,5,First Round,1R,1,Dennis Taylor,NIR,1,0,1,16,6,10,0,37.5
422,1992,6,Last 16,L16,2,Mick Price,ENG,2,1,1,39,20,19,50,51.28205128
423,1992,7,First Round,1R,1,Mike Hallett,ENG,1,0,1,18,8,10,0,44.44444444
424,1992,8,Semi-Finals,SF,4,Alan McManus,SCO,4,3,1,89,43,46,75,48.31460674
425,1992,9,First Round,1R,1,Gary Wilkinson,ENG,1,0,1,16,6,10,0,37.5
426,1992,10,Last 16,L16,2,Willie Thorne,ENG,2,1,1,35,16,19,50,45.71428571
427,1992,11,First Round,1R,1,Dean Reynolds,ENG,1,0,1,17,7,10,0,41.17647059
428,1992,12,Quarter-Finals,QF,3,Jim Wych,CAN,3,2,1,58,32,26,66.66666667,55.17241379
429,1992,13,Last 16,L16,2,Alain Robidoux,CAN,2,1,1,41,21,20,50,51.2195122
430,1992,14,First Round,1R,1,Nigel Bond,ENG,1,0,1,17,7,10,0,41.17647059
431,1992,15,Runner-Up,TF,5,Jimmy White,ENG,5,4,1,115,66,49,80,57.39130435
432,1992,16,First Round,1R,1,Tony Drago,MLT,1,0,1,14,4,10,0,28.57142857
433,1992,17,First Round,1R,1,Steve Davis,ENG,1,0,1,14,4,10,0,28.57142857
434,1992,18,Quarter-Finals,QF,3,Peter Ebdon,ENG,3,2,1,51,30,21,66.66666667,58.82352941
435,1992,19,Last 16,L16,2,Martin Clark,ENG,2,1,1,34,14,20,50,41.17647059
436,1992,20,First Round,1R,1,Peter Francisco,RSA,1,0,1,17,7,10,0,41.17647059
437,1992,21,Semi-Finals,SF,4,Terry Griffiths,WAL,4,3,1,78,40,38,75,51.28205128
438,1992,22,First Round,1R,1,Bob Chaperon,CAN,1,0,1,18,8,10,0,44.44444444
439,1992,23,Last 16,L16,2,Neal Foulds,ENG,2,1,1,38,17,21,50,44.73684211
440,1992,24,First Round,1R,1,Jason Ferguson,ENG,1,0,1,18,8,10,0,44.44444444
441,1992,25,First Round,1R,1,Steve James,ENG,1,0,1,19,9,10,0,47.36842105
442,1992,26,Quarter-Finals,QF,3,Dene O'Kane,NZL,3,2,1,61,29,32,66.66666667,47.54098361
443,1992,27,First Round,1R,1,Doug Mountjoy,WAL,1,0,1,17,7,10,0,41.17647059
444,1992,28,Last 16,L16,2,Chris Small,SCO,2,1,1,40,20,20,50,50
445,1992,29,Last 16,L16,2,James Wattana,THA,2,1,1,38,20,18,50,52.63157895
446,1992,30,First Round,1R,1,Tony Jones,ENG,1,0,1,15,5,10,0,33.33333333
447,1992,31,Winner,W,6,Stephen Hendry,SCO,5,5,0,107,70,37,100,65.42056075
448,1992,32,First Round,1R,1,Stephen Murphy,IRL,1,0,1,13,3,10,0,23.07692308
449,1993,1,Winner,W,6,Stephen Hendry,SCO,5,5,0,95,70,25,100,73.68421053
450,1993,2,First Round,1R,1,Danny Fowler,ENG,1,0,1,11,1,10,0,9.090909091
451,1993,3,Last 16,L16,2,Darren Morgan,WAL,2,1,1,32,14,18,50,43.75
452,1993,4,First Round,1R,1,Les Dodd,ENG,1,0,1,15,5,10,0,33.33333333
453,1993,5,Quarter-Finals,QF,3,Nigel Bond,ENG,3,2,1,54,30,24,66.66666667,55.55555556
454,1993,6,First Round,1R,1,Spencer Dunn,ENG,1,0,1,14,4,10,0,28.57142857
455,1993,7,Last 16,L16,2,Gary Wilkinson,ENG,2,1,1,34,17,17,50,50
456,1993,8,First Round,1R,1,Dean Reynolds,ENG,1,0,1,14,4,10,0,28.57142857
457,1993,9,Quarter-Finals,QF,3,Neal Foulds,ENG,3,2,1,59,34,25,66.66666667,57.62711864
458,1993,10,First Round,1R,1,Brian Morgan,ENG,1,0,1,15,5,10,0,33.33333333
459,1993,11,Last 16,L16,2,Martin Clark,ENG,2,1,1,36,17,19,50,47.22222222
460,1993,12,First Round,1R,1,Karl Payne,ENG,1,0,1,16,6,10,0,37.5
461,1993,13,Semi-Finals,SF,4,Alan McManus,SCO,4,3,1,89,44,45,75,49.43820225
462,1993,14,First Round,1R,1,Ronnie O'Sullivan,ENG,1,0,1,17,7,10,0,41.17647059
463,1993,15,Last 16,L16,2,Steve Davis,ENG,2,1,1,37,21,16,50,56.75675676
464,1993,16,First Round,1R,1,Peter Ebdon,ENG,1,0,1,13,3,10,0,23.07692308
465,1993,17,Runner-Up,TF,5,Jimmy White,ENG,5,4,1,102,57,45,80,55.88235294
466,1993,18,First Round,1R,1,Joe Swail,NIR,1,0,1,14,4,10,0,28.57142857
467,1993,19,First Round,1R,1,Alain Robidoux,CAN,1,0,1,16,6,10,0,37.5
468,1993,20,Last 16,L16,2,Doug Mountjoy,WAL,2,1,1,35,16,19,50,45.71428571
469,1993,21,Quarter-Finals,QF,3,Dennis Taylor,NIR,3,2,1,64,31,33,66.66666667,48.4375
470,1993,22,First Round,1R,1,Tony Drago,MLT,1,0,1,19,9,10,0,47.36842105
471,1993,23,Last 16,L16,2,Terry Griffiths,WAL,2,1,1,40,21,19,50,52.5
472,1993,24,First Round,1R,1,David Roe,ENG,1,0,1,16,6,10,0,37.5
473,1993,25,Semi-Finals,SF,4,James Wattana,THA,4,3,1,81,45,36,75,55.55555556
474,1993,26,First Round,1R,1,Tony Jones,ENG,1,0,1,17,7,10,0,41.17647059
475,1993,27,Last 16,L16,2,Steve James,ENG,2,1,1,32,17,15,50,53.125
476,1993,28,First Round,1R,1,John Giles,ENG,1,0,1,12,2,10,0,16.66666667
477,1993,29,Last 16,L16,2,Willie Thorne,ENG,2,1,1,38,19,19,50,50
478,1993,30,First Round,1R,1,Shaun Mellish,ENG,1,0,1,16,6,10,0,37.5
479,1993,31,Quarter-Finals,QF,3,John Parrott,ENG,3,2,1,52,29,23,66.66666667,55.76923077
480,1993,32,First Round,1R,1,Stephen O'Connor,IRL,1,0,1,11,1,10,0,9.090909091
481,1994,1,Winner,W,6,Stephen Hendry,SCO,5,5,0,107,70,37,100,65.42056075
482,1994,2,First Round,1R,1,Surinder Gill,ENG,1,0,1,11,1,10,0,9.090909091
483,1994,3,First Round,1R,1,David Roe,ENG,1,0,1,18,8,10,0,44.44444444
484,1994,4,Last 16,L16,2,Dave Harold,ENG,2,1,1,33,12,21,50,36.36363636
485,1994,5,Quarter-Finals,QF,3,Nigel Bond,ENG,3,2,1,61,31,30,66.66666667,50.81967213
486,1994,6,First Round,1R,1,Cliff Thorburn,CAN,1,0,1,19,9,10,0,47.36842105
487,1994,7,Last 16,L16,2,Terry Griffiths,WAL,2,1,1,38,18,20,50,47.36842105
488,1994,8,First Round,1R,1,Mark Davis,ENG,1,0,1,17,7,10,0,41.17647059
489,1994,9,Quarter-Finals,QF,3,James Wattana,THA,3,2,1,60,32,28,66.66666667,53.33333333
490,1994,10,First Round,1R,1,Peter Ebdon,ENG,1,0,1,16,6,10,0,37.5
491,1994,11,First Round,1R,1,Martin Clark,ENG,1,0,1,19,9,10,0,47.36842105
492,1994,12,Last 16,L16,2,Brian Morgan,ENG,2,1,1,41,19,22,50,46.34146341
493,1994,13,Last 16,L16,2,Steve James,ENG,2,1,1,35,13,22,50,37.14285714
494,1994,14,First Round,1R,1,Les Dodd,ENG,1,0,1,19,9,10,0,47.36842105
495,1994,15,Semi-Finals,SF,4,Steve Davis,ENG,4,3,1,76,45,31,75,59.21052632
496,1994,16,First Round,1R,1,Dene O'Kane,NZL,1,0,1,13,3,10,0,23.07692308
497,1994,17,Runner-Up,TF,5,Jimmy White,ENG,5,4,1,121,69,52,80,57.02479339
498,1994,18,First Round,1R,1,Billy Snaddon,SCO,1,0,1,16,6,10,0,37.5
499,1994,19,Last 16,L16,2,Neal Foulds,ENG,2,1,1,40,20,20,50,50
500,1994,20,First Round,1R,1,Anthony Davies,WAL,1,0,1,17,7,10,0,41.17647059
501,1994,21,Quarter-Finals,QF,3,Ken Doherty,IRL,3,2,1,63,33,30,66.66666667,52.38095238
502,1994,22,First Round,1R,1,Alex Higgins,NIR,1,0,1,16,6,10,0,37.5
503,1994,23,Last 16,L16,2,Alan McManus,SCO,2,1,1,41,21,20,50,51.2195122
504,1994,24,First Round,1R,1,Fergal O'Brien,IRL,1,0,1,17,7,10,0,41.17647059
505,1994,25,Last 16,L16,2,Willie Thorne,ENG,2,1,1,37,22,15,50,59.45945946
506,1994,26,First Round,1R,1,Gary Ponting,ENG,1,0,1,12,2,10,0,16.66666667
507,1994,27,Semi-Finals,SF,4,Darren Morgan,WAL,4,3,1,88,44,44,75,50
508,1994,28,First Round,1R,1,Mark King,ENG,1,0,1,15,5,10,0,33.33333333
509,1994,29,First Round,1R,1,Dennis Taylor,NIR,1,0,1,16,6,10,0,37.5
510,1994,30,Last 16,L16,2,Ronnie O'Sullivan,ENG,2,1,1,32,13,19,50,40.625
511,1994,31,Quarter-Finals,QF,3,John Parrott,ENG,3,2,1,59,34,25,66.66666667,57.62711864
512,1994,32,First Round,1R,1,Drew Henry,SCO,1,0,1,19,9,10,0,47.36842105
513,1995,1,Winner,W,6,Stephen Hendry,SCO,5,5,0,108,70,38,100,64.81481481
514,1995,2,First Round,1R,1,Stefan Mazrocis,ENG,1,0,1,13,3,10,0,23.07692308
515,1995,3,Last 16,L16,2,Tony Drago,MLT,2,1,1,31,16,15,50,51.61290323
516,1995,4,First Round,1R,1,Paul Cavney,ENG,1,0,1,12,2,10,0,16.66666667
517,1995,5,Quarter-Finals,QF,3,Ronnie O'Sullivan,ENG,3,2,1,55,31,24,66.66666667,56.36363636
518,1995,6,First Round,1R,1,Dave Harold,ENG,1,0,1,13,3,10,0,23.07692308
519,1995,7,Last 16,L16,2,Darren Morgan,WAL,2,1,1,34,18,16,50,52.94117647
520,1995,8,First Round,1R,1,Anthony Davies,WAL,1,0,1,13,3,10,0,23.07692308
521,1995,9,Quarter-Finals,QF,3,John Parrott,ENG,3,2,1,63,34,29,66.66666667,53.96825397
522,1995,10,First Round,1R,1,Brian Morgan,ENG,1,0,1,15,5,10,0,33.33333333
523,1995,11,Last 16,L16,2,Joe Swail,NIR,2,1,1,42,21,21,50,50
524,1995,12,First Round,1R,1,Nigel Gilbert,ENG,1,0,1,18,8,10,0,44.44444444
525,1995,13,Last 16,L16,2,David Roe,ENG,2,1,1,36,17,19,50,47.22222222
526,1995,14,First Round,1R,1,Billy Snaddon,SCO,1,0,1,16,6,10,0,37.5
527,1995,15,Semi-Finals,SF,4,Jimmy White,ENG,4,3,1,84,48,36,75,57.14285714
528,1995,16,First Round,1R,1,Peter Francisco,RSA,1,0,1,12,2,10,0,16.66666667
529,1995,17,First Round,1R,1,James Wattana,THA,1,0,1,18,8,10,0,44.44444444
530,1995,18,Quarter-Finals,QF,3,Gary Wilkinson,ENG,3,2,1,60,30,30,66.66666667,50
531,1995,19,Last 16,L16,2,Terry Griffiths,WAL,2,1,1,38,19,19,50,50
532,1995,20,First Round,1R,1,Alain Robidoux,CAN,1,0,1,16,6,10,0,37.5
533,1995,21,Runner-Up,TF,5,Nigel Bond,ENG,5,4,1,115,61,54,80,53.04347826
534,1995,22,First Round,1R,1,Stephen Lee,ENG,1,0,1,18,8,10,0,44.44444444
535,1995,23,Last 16,L16,2,Alan McManus,SCO,2,1,1,36,20,16,50,55.55555556
536,1995,24,First Round,1R,1,John Higgins,SCO,1,0,1,13,3,10,0,23.07692308
537,1995,25,First Round,1R,1,Ken Doherty,IRL,1,0,1,17,7,10,0,41.17647059
538,1995,26,Last 16,L16,2,Mark Davis,ENG,2,1,1,37,17,20,50,45.94594595
539,1995,27,Quarter-Finals,QF,3,Peter Ebdon,ENG,3,2,1,53,31,22,66.66666667,58.49056604
540,1995,28,First Round,1R,1,Rod Lawler,ENG,1,0,1,12,2,10,0,16.66666667
541,1995,29,Last 16,L16,2,Willie Thorne,ENG,2,1,1,36,17,19,50,47.22222222
542,1995,30,First Round,1R,1,Tai Pichit,THA,1,0,1,16,6,10,0,37.5
543,1995,31,First Round,1R,1,Steve Davis,ENG,1,0,1,17,7,10,0,41.17647059
544,1995,32,Semi-Finals,SF,4,Andy Hicks,ENG,4,3,1,85,47,38,75,55.29411765
545,1996,1,Winner,W,6,Stephen Hendry,SCO,5,5,0,109,70,39,100,64.22018349
546,1996,2,First Round,1R,1,Jason Ferguson,ENG,1,0,1,18,8,10,0,44.44444444
547,1996,3,First Round,1R,1,David Roe,ENG,1,0,1,19,9,10,0,47.36842105
548,1996,4,Last 16,L16,2,Gary Wilkinson,ENG,2,1,1,39,17,22,50,43.58974359
549,1996,5,Last 16,L16,2,Ken Doherty,IRL,2,1,1,33,15,18,50,45.45454545
550,1996,6,First Round,1R,1,Nick Terry,ENG,1,0,1,15,5,10,0,33.33333333
551,1996,7,Quarter-Finals,QF,3,Darren Morgan,WAL,3,2,1,54,28,26,66.66666667,51.85185185
552,1996,8,First Round,1R,1,Drew Henry,SCO,1,0,1,18,8,10,0,44.44444444
553,1996,9,Last 16,L16,2,James Wattana,THA,2,1,1,35,14,21,50,40
554,1996,10,First Round,1R,1,Jimmy Michie,ENG,1,0,1,18,8,10,0,44.44444444
555,1996,11,Semi-Finals,SF,4,Nigel Bond,ENG,4,3,1,79,43,36,75,54.43037975
556,1996,12,First Round,1R,1,Anthony Hamilton,ENG,1,0,1,19,9,10,0,47.36842105
557,1996,13,Quarter-Finals,QF,3,Dave Harold,ENG,3,2,1,53,30,23,66.66666667,56.60377358
558,1996,14,First Round,1R,1,Neal Foulds,ENG,1,0,1,14,4,10,0,28.57142857
559,1996,15,First Round,1R,1,John Parrott,ENG,1,0,1,16,6,10,0,37.5
560,1996,16,Last 16,L16,2,Rod Lawler,ENG,2,1,1,35,16,19,50,45.71428571
561,1996,17,Semi-Finals,SF,4,Ronnie O'Sullivan,ENG,4,3,1,85,50,35,75,58.82352941
562,1996,18,First Round,1R,1,Alain Robidoux,CAN,1,0,1,13,3,10,0,23.07692308
563,1996,19,Last 16,L16,2,Tony Drago,MLT,2,1,1,29,14,15,50,48.27586207
564,1996,20,First Round,1R,1,Steve James,ENG,1,0,1,12,2,10,0,16.66666667
565,1996,21,Quarter-Finals,QF,3,John Higgins,SCO,3,2,1,58,35,23,66.66666667,60.34482759
566,1996,22,First Round,1R,1,Martin Clark,ENG,1,0,1,15,5,10,0,33.33333333
567,1996,23,Last 16,L16,2,Alan McManus,SCO,2,1,1,33,15,18,50,45.45454545
568,1996,24,First Round,1R,1,Mick Price,ENG,1,0,1,15,5,10,0,33.33333333
569,1996,25,Last 16,L16,2,Jimmy White,ENG,2,1,1,44,22,22,50,50
570,1996,26,First Round,1R,1,Euan Henderson,SCO,1,0,1,19,9,10,0,47.36842105
571,1996,27,Runner-Up,TF,5,Peter Ebdon,ENG,5,4,1,119,64,55,80,53.78151261
572,1996,28,First Round,1R,1,Dene O'Kane,NZL,1,0,1,11,1,10,0,9.090909091
573,1996,29,Last 16,L16,2,Terry Griffiths,WAL,2,1,1,40,18,22,50,45
574,1996,30,First Round,1R,1,Jamie Burnett,SCO,1,0,1,19,9,10,0,47.36842105
575,1996,31,Quarter-Finals,QF,3,Steve Davis,ENG,3,2,1,62,33,29,66.66666667,53.22580645
576,1996,32,First Round,1R,1,Willie Thorne,ENG,1,0,1,18,8,10,0,44.44444444
577,1997,1,Runner-Up,TF,5,Stephen Hendry,SCO,5,4,1,120,65,55,80,54.16666667
578,1997,2,First Round,1R,1,Andy Hicks,ENG,1,0,1,16,6,10,0,37.5
579,1997,3,Last 16,L16,2,Mark Williams,WAL,2,1,1,40,18,22,50,45
580,1997,4,First Round,1R,1,Terry Griffiths,WAL,1,0,1,19,9,10,0,47.36842105
581,1997,5,Quarter-Finals,QF,3,Darren Morgan,WAL,3,2,1,63,33,30,66.66666667,52.38095238
582,1997,6,First Round,1R,1,Gary Wilkinson,ENG,1,0,1,15,5,10,0,33.33333333
583,1997,7,Last 16,L16,2,Ronnie O'Sullivan,ENG,2,1,1,41,22,19,50,53.65853659
584,1997,8,First Round,1R,1,Mick Price,ENG,1,0,1,16,6,10,0,37.5
585,1997,9,First Round,1R,1,Nigel Bond,ENG,1,0,1,18,8,10,0,44.44444444
586,1997,10,Last 16,L16,2,Stephen Lee,ENG,2,1,1,38,17,21,50,44.73684211
587,1997,11,Semi-Finals,SF,4,James Wattana,THA,4,3,1,92,49,43,75,53.26086957
588,1997,12,First Round,1R,1,Graeme Dott,SCO,1,0,1,19,9,10,0,47.36842105
589,1997,13,First Round,1R,1,Jimmy White,ENG,1,0,1,19,9,10,0,47.36842105
590,1997,14,Last 16,L16,2,Anthony Hamilton,ENG,2,1,1,43,21,22,50,48.8372093
591,1997,15,Quarter-Finals,QF,3,John Parrott,ENG,3,2,1,66,33,33,66.66666667,50
592,1997,16,First Round,1R,1,Bradley Jones,ENG,1,0,1,19,9,10,0,47.36842105
593,1997,17,First Round,1R,1,Peter Ebdon,ENG,1,0,1,13,3,10,0,23.07692308
594,1997,18,Last 16,L16,2,Stefan Mazrocis,ENG,2,1,1,35,19,16,50,54.28571429
595,1997,19,Semi-Finals,SF,4,Alain Robidoux,CAN,4,3,1,85,43,42,75,50.58823529
596,1997,20,First Round,1R,1,Brian Morgan,ENG,1,0,1,18,8,10,0,44.44444444
597,1997,21,First Round,1R,1,Dave Harold,ENG,1,0,1,17,7,10,0,41.17647059
598,1997,22,Quarter-Finals,QF,3,Lee Walker,WAL,3,2,1,61,31,30,66.66666667,50.81967213
599,1997,23,Last 16,L16,2,Alan McManus,SCO,2,1,1,42,20,22,50,47.61904762
600,1997,24,First Round,1R,1,Billy Snaddon,SCO,1,0,1,19,9,10,0,47.36842105
601,1997,25,Winner,W,6,Ken Doherty,IRL,5,5,0,110,71,39,100,64.54545455
602,1997,26,First Round,1R,1,Mark Davis,ENG,1,0,1,18,8,10,0,44.44444444
603,1997,27,Last 16,L16,2,Steve Davis,ENG,2,1,1,28,13,15,50,46.42857143
604,1997,28,First Round,1R,1,David McLellan,SCO,1,0,1,12,2,10,0,16.66666667
605,1997,29,First Round,1R,1,Tony Drago,MLT,1,0,1,19,9,10,0,47.36842105
606,1997,30,Last 16,L16,2,Dominic Dale,WAL,2,1,1,37,15,22,50,40.54054054
607,1997,31,Quarter-Finals,QF,3,John Higgins,SCO,3,2,1,56,32,24,66.66666667,57.14285714
608,1997,32,First Round,1R,1,Graham Horne,SCO,1,0,1,16,6,10,0,37.5
609,1998,1,Runner-Up,TF,5,Ken Doherty,IRL,5,4,1,123,65,58,80,52.84552846
610,1998,2,First Round,1R,1,Lee Walker,WAL,1,0,1,18,8,10,0,44.44444444
611,1998,3,Last 16,L16,2,Stephen Lee,ENG,2,1,1,35,18,17,50,51.42857143
612,1998,4,First Round,1R,1,Andy Hicks,ENG,1,0,1,14,4,10,0,28.57142857
613,1998,5,First Round,1R,1,Alain Robidoux,CAN,1,0,1,18,8,10,0,44.44444444
614,1998,6,Quarter-Finals,QF,3,Matthew Stevens,WAL,3,2,1,63,33,30,66.66666667,52.38095238
615,1998,7,First Round,1R,1,Nigel Bond,ENG,1,0,1,15,5,10,0,33.33333333
616,1998,8,Last 16,L16,2,Mark King,ENG,2,1,1,37,19,18,50,51.35135135
617,1998,9,Quarter-Finals,QF,3,Peter Ebdon,ENG,3,2,1,55,34,21,66.66666667,61.81818182
618,1998,10,First Round,1R,1,Terry Murphy,NIR,1,0,1,13,3,10,0,23.07692308
619,1998,11,First Round,1R,1,James Wattana,THA,1,0,1,19,9,10,0,47.36842105
620,1998,12,Last 16,L16,2,Fergal O'Brien,IRL,2,1,1,37,15,22,50,40.54054054
621,1998,13,Last 16,L16,2,Steve Davis,ENG,2,1,1,35,16,19,50,45.71428571
622,1998,14,First Round,1R,1,Simon Bedford,ENG,1,0,1,16,6,10,0,37.5
623,1998,15,Semi-Finals,SF,4,Mark Williams,WAL,4,3,1,93,50,43,75,53.76344086
624,1998,16,First Round,1R,1,Quinten Hann,AUS,1,0,1,19,9,10,0,47.36842105
625,1998,17,Winner,W,6,John Higgins,SCO,5,5,0,120,71,49,100,59.16666667
626,1998,18,First Round,1R,1,Jason Ferguson,ENG,1,0,1,18,8,10,0,44.44444444
627,1998,19,Last 16,L16,2,Anthony Hamilton,ENG,2,1,1,40,19,21,50,47.5
628,1998,20,First Round,1R,1,Dave Harold,ENG,1,0,1,18,8,10,0,44.44444444
629,1998,21,Last 16,L16,2,Tony Drago,MLT,2,1,1,38,17,21,50,44.73684211
630,1998,22,First Round,1R,1,Alfie Burden,ENG,1,0,1,18,8,10,0,44.44444444
631,1998,23,Quarter-Finals,QF,3,John Parrott,ENG,3,2,1,58,34,24,66.66666667,58.62068966
632,1998,24,First Round,1R,1,Peter Lines,ENG,1,0,1,14,4,10,0,28.57142857
633,1998,25,Semi-Finals,SF,4,Ronnie O'Sullivan,ENG,4,3,1,78,45,33,75,57.69230769
634,1998,26,First Round,1R,1,Joe Swail,NIR,1,0,1,15,5,10,0,33.33333333
635,1998,27,Last 16,L16,2,Alan McManus,SCO,2,1,1,35,14,21,50,40
636,1998,28,First Round,1R,1,David Gray,ENG,1,0,1,18,8,10,0,44.44444444
637,1998,29,Last 16,L16,2,Darren Morgan,WAL,2,1,1,34,13,21,50,38.23529412
638,1998,30,First Round,1R,1,Jason Prince,NIR,1,0,1,18,8,10,0,44.44444444
639,1998,31,First Round,1R,1,Stephen Hendry,SCO,1,0,1,14,4,10,0,28.57142857
640,1998,32,Quarter-Finals,QF,3,Jimmy White,ENG,3,2,1,50,30,20,66.66666667,60
641,1999,1,Semi-Finals,SF,4,John Higgins,SCO,4,3,1,75,46,29,75,61.33333333
642,1999,2,First Round,1R,1,Gerard Greene,NIR,1,0,1,12,2,10,0,16.66666667
643,1999,3,Last 16,L16,2,Mark King,ENG,2,1,1,35,14,21,50,40
644,1999,4,First Round,1R,1,Darren Morgan,WAL,1,0,1,18,8,10,0,44.44444444
645,1999,5,Quarter-Finals,QF,3,Stephen Lee,ENG,3,2,1,56,29,27,66.66666667,51.78571429
646,1999,6,First Round,1R,1,John Lardner,SCO,1,0,1,17,7,10,0,41.17647059
647,1999,7,Last 16,L16,2,Alan McManus,SCO,2,1,1,37,17,20,50,45.94594595
648,1999,8,First Round,1R,1,Jimmy White,ENG,1,0,1,17,7,10,0,41.17647059
649,1999,9,Runner-Up,TF,5,Mark Williams,WAL,5,4,1,112,64,48,80,57.14285714
650,1999,10,First Round,1R,1,Ian McCulloch,ENG,1,0,1,14,4,10,0,28.57142857
651,1999,11,First Round,1R,1,Alain Robidoux,CAN,1,0,1,16,6,10,0,37.5
652,1999,12,Last 16,L16,2,Nick Walker,ENG,2,1,1,36,17,19,50,47.22222222
653,1999,13,Last 16,L16,2,Nigel Bond,ENG,2,1,1,40,21,19,50,52.5
654,1999,14,First Round,1R,1,Dominic Dale,WAL,1,0,1,16,6,10,0,37.5
655,1999,15,Quarter-Finals,QF,3,Ken Doherty,IRL,3,2,1,59,32,27,66.66666667,54.23728814
656,1999,16,First Round,1R,1,Steve James,ENG,1,0,1,13,3,10,0,23.07692308
657,1999,17,Semi-Finals,SF,4,Ronnie O'Sullivan,ENG,4,3,1,86,49,37,75,56.97674419
658,1999,18,First Round,1R,1,Leo Fernandez,IRL,1,0,1,13,3,10,0,23.07692308
659,1999,19,First Round,1R,1,Steve Davis,ENG,1,0,1,19,9,10,0,47.36842105
660,1999,20,Last 16,L16,2,Joe Perry,ENG,2,1,1,40,18,22,50,45
661,1999,21,First Round,1R,1,Anthony Hamilton,ENG,1,0,1,19,9,10,0,47.36842105
662,1999,22,Last 16,L16,2,Chris Small,SCO,2,1,1,44,22,22,50,50
663,1999,23,Quarter-Finals,QF,3,John Parrott,ENG,3,2,1,65,32,33,66.66666667,49.23076923
664,1999,24,First Round,1R,1,Terry Murphy,NIR,1,0,1,18,8,10,0,44.44444444
665,1999,25,First Round,1R,1,Peter Ebdon,ENG,1,0,1,17,7,10,0,41.17647059
666,1999,26,Quarter-Finals,QF,3,Matthew Stevens,WAL,3,2,1,56,28,28,66.66666667,50
667,1999,27,Last 16,L16,2,Tony Drago,MLT,2,1,1,35,18,17,50,51.42857143
668,1999,28,First Round,1R,1,Fergal O'Brien,IRL,1,0,1,14,4,10,0,28.57142857
669,1999,29,Last 16,L16,2,James Wattana,THA,2,1,1,38,17,21,50,44.73684211
670,1999,30,First Round,1R,1,Marco Fu,HKG,1,0,1,18,8,10,0,44.44444444
671,1999,31,Winner,W,6,Stephen Hendry,SCO,5,5,0,115,71,44,100,61.73913043
672,1999,32,First Round,1R,1,Paul Hunter,ENG,1,0,1,18,8,10,0,44.44444444
673,2000,1,First Round,1R,1,Stephen Hendry,SCO,1,0,1,17,7,10,0,41.17647059
674,2000,2,Last 16,L16,2,Stuart Bingham,ENG,2,1,1,39,19,20,50,48.71794872
675,2000,3,Quarter-Finals,QF,3,Jimmy White,ENG,3,2,1,59,30,29,66.66666667,50.84745763
676,2000,4,First Round,1R,1,Billy Snaddon,SCO,1,0,1,17,7,10,0,41.17647059
677,2000,5,Runner-Up,TF,5,Matthew Stevens,WAL,5,4,1,112,69,43,80,61.60714286
678,2000,6,First Round,1R,1,Tony Drago,MLT,1,0,1,12,2,10,0,16.66666667
679,2000,7,Last 16,L16,2,Alan McManus,SCO,2,1,1,34,14,20,50,41.17647059
680,2000,8,First Round,1R,1,Nigel Bond,ENG,1,0,1,17,7,10,0,41.17647059
681,2000,9,Last 16,L16,2,John Parrott,ENG,2,1,1,44,22,22,50,50
682,2000,10,First Round,1R,1,Gary Wilkinson,ENG,1,0,1,19,9,10,0,47.36842105
683,2000,11,First Round,1R,1,Paul Hunter,ENG,1,0,1,16,6,10,0,37.5
684,2000,12,Semi-Finals,SF,4,Joe Swail,NIR,4,3,1,92,48,44,75,52.17391304
685,2000,13,First Round,1R,1,Peter Ebdon,ENG,1,0,1,16,6,10,0,37.5
686,2000,14,Quarter-Finals,QF,3,Dominic Dale,WAL,3,2,1,52,32,20,66.66666667,61.53846154
687,2000,15,First Round,1R,1,Ronnie O'Sullivan,ENG,1,0,1,19,9,10,0,47.36842105
688,2000,16,Last 16,L16,2,David Gray,ENG,2,1,1,33,11,22,50,33.33333333
689,2000,17,Winner,W,6,Mark Williams,WAL,5,5,0,120,71,49,100,59.16666667
690,2000,18,First Round,1R,1,John Read,ENG,1,0,1,14,4,10,0,28.57142857
691,2000,19,First Round,1R,1,Mark King,ENG,1,0,1,18,8,10,0,44.44444444
692,2000,20,Last 16,L16,2,Drew Henry,SCO,2,1,1,40,19,21,50,47.5
693,2000,21,Quarter-Finals,QF,3,Fergal O'Brien,IRL,3,2,1,57,28,29,66.66666667,49.12280702
694,2000,22,First Round,1R,1,Chris Small,SCO,1,0,1,18,8,10,0,44.44444444
695,2000,23,Last 16,L16,2,Stephen Lee,ENG,2,1,1,34,18,16,50,52.94117647
696,2000,24,First Round,1R,1,Kristjan Helgason,ICE,1,0,1,13,3,10,0,23.07692308
697,2000,25,Last 16,L16,2,Ken Doherty,IRL,2,1,1,38,22,16,50,57.89473684
698,2000,26,First Round,1R,1,Darren Morgan,WAL,1,0,1,13,3,10,0,23.07692308
699,2000,27,Quarter-Finals,QF,3,Anthony Hamilton,ENG,3,2,1,55,26,29,66.66666667,47.27272727
700,2000,28,First Round,1R,1,Marco Fu,HKG,1,0,1,14,4,10,0,28.57142857
701,2000,29,Last 16,L16,2,Steve Davis,ENG,2,1,1,40,21,19,50,52.5
702,2000,30,First Round,1R,1,Graeme Dott,SCO,1,0,1,16,6,10,0,37.5
703,2000,31,Semi-Finals,SF,4,John Higgins,SCO,4,3,1,90,51,39,75,56.66666667
704,2000,32,First Round,1R,1,Dave Harold,ENG,1,0,1,18,8,10,0,44.44444444
705,2001,1,Last 16,L16,2,Mark Williams,WAL,2,1,1,39,22,17,50,56.41025641
706,2001,2,First Round,1R,1,Billy Snaddon,SCO,1,0,1,14,4,10,0,28.57142857
707,2001,3,Semi-Finals,SF,4,Joe Swail,NIR,4,3,1,96,47,49,75,48.95833333
708,2001,4,First Round,1R,1,Sean Storey,ENG,1,0,1,19,9,10,0,47.36842105
709,2001,5,First Round,1R,1,Fergal O'Brien,IRL,1,0,1,18,8,10,0,44.44444444
710,2001,6,Last 16,L16,2,Mark King,ENG,2,1,1,36,15,21,50,41.66666667
711,2001,7,First Round,1R,1,Alan McManus,SCO,1,0,1,12,2,10,0,16.66666667
712,2001,8,Quarter-Finals,QF,3,Patrick Wallace,NIR,3,2,1,54,34,20,66.66666667,62.96296296
713,2001,9,Last 16,L16,2,Stephen Lee,ENG,2,1,1,38,22,16,50,57.89473684
714,2001,10,First Round,1R,1,Nigel Bond,ENG,1,0,1,13,3,10,0,23.07692308
715,2001,11,Quarter-Finals,QF,3,Peter Ebdon,ENG,3,2,1,62,29,33,66.66666667,46.77419355
716,2001,12,First Round,1R,1,James Wattana,THA,1,0,1,18,8,10,0,44.44444444
717,2001,13,Last 16,L16,2,Dave Harold,ENG,2,1,1,34,16,18,50,47.05882353
718,2001,14,First Round,1R,1,Quinten Hann,AUS,1,0,1,15,5,10,0,33.33333333
719,2001,15,Winner,W,6,Ronnie O'Sullivan,ENG,5,5,0,110,71,39,100,64.54545455
720,2001,16,First Round,1R,1,Andy Hicks,ENG,1,0,1,12,2,10,0,16.66666667
721,2001,17,Quarter-Finals,QF,3,Stephen Hendry,SCO,3,2,1,51,28,23,66.66666667,54.90196078
722,2001,18,First Round,1R,1,Mark Davis,ENG,1,0,1,15,5,10,0,33.33333333
723,2001,19,Last 16,L16,2,Paul Hunter,ENG,2,1,1,34,15,19,50,44.11764706
724,2001,20,First Round,1R,1,David Roe,ENG,1,0,1,16,6,10,0,37.5
725,2001,21,Last 16,L16,2,Anthony Hamilton,ENG,2,1,1,32,15,17,50,46.875
726,2001,22,First Round,1R,1,Marcus Campbell,SCO,1,0,1,14,4,10,0,28.57142857
727,2001,23,Semi-Finals,SF,4,Matthew Stevens,WAL,4,3,1,79,51,28,75,64.55696203
728,2001,24,First Round,1R,1,Tony Drago,MLT,1,0,1,11,1,10,0,9.090909091
729,2001,25,Quarter-Finals,QF,3,Ken Doherty,IRL,3,2,1,56,29,27,66.66666667,51.78571429
730,2001,26,First Round,1R,1,Nick Dyson,ENG,1,0,1,17,7,10,0,41.17647059
731,2001,27,First Round,1R,1,John Parrott,ENG,1,0,1,16,6,10,0,37.5
732,2001,28,Last 16,L16,2,Michael Judge,IRL,2,1,1,36,17,19,50,47.22222222
733,2001,29,First Round,1R,1,Marco Fu,HKG,1,0,1,18,8,10,0,44.44444444
734,2001,30,Last 16,L16,2,Chris Small,SCO,2,1,1,39,18,21,50,46.15384615
735,2001,31,Runner-Up,TF,5,John Higgins,SCO,5,4,1,118,67,51,80,56.77966102
736,2001,32,First Round,1R,1,Graeme Dott,SCO,1,0,1,14,4,10,0,28.57142857
737,2002,1,Semi-Finals,SF,4,Ronnie O'Sullivan,ENG,4,3,1,83,49,34,75,59.03614458
738,2002,2,First Round,1R,1,Drew Henry,SCO,1,0,1,15,5,10,0,33.33333333
739,2002,3,First Round,1R,1,Fergal O'Brien,IRL,1,0,1,18,8,10,0,44.44444444
740,2002,4,Last 16,L16,2,Robert Milkins,ENG,2,1,1,33,12,21,50,36.36363636
741,2002,5,First Round,1R,1,Paul Hunter,ENG,1,0,1,19,9,10,0,47.36842105
742,2002,6,Last 16,L16,2,Quinten Hann,AUS,2,1,1,35,13,22,50,37.14285714
743,2002,7,Quarter-Finals,QF,3,Stephen Lee,ENG,3,2,1,56,33,23,66.66666667,58.92857143
744,2002,8,First Round,1R,1,Chris Small,SCO,1,0,1,17,7,10,0,41.17647059
745,2002,9,Runner-Up,TF,5,Stephen Hendry,SCO,5,4,1,120,70,50,80,58.33333333
746,2002,10,First Round,1R,1,Shaun Murphy,ENG,1,0,1,14,4,10,0,28.57142857
747,2002,11,First Round,1R,1,Alan McManus,SCO,1,0,1,17,7,10,0,41.17647059
748,2002,12,Last 16,L16,2,Anthony Davies,WAL,2,1,1,33,13,20,50,39.39393939
749,2002,13,Last 16,L16,2,Mark King,ENG,2,1,1,40,22,18,50,55
750,2002,14,First Round,1R,1,David Gray,ENG,1,0,1,15,5,10,0,33.33333333
751,2002,15,Quarter-Finals,QF,3,Ken Doherty,IRL,3,2,1,68,35,33,66.66666667,51.47058824
752,2002,16,First Round,1R,1,Stuart Bingham,ENG,1,0,1,18,8,10,0,44.44444444
753,2002,17,Quarter-Finals,QF,3,John Higgins,SCO,3,2,1,46,30,16,66.66666667,65.2173913
754,2002,18,First Round,1R,1,James Wattana,THA,1,0,1,11,1,10,0,9.090909091
755,2002,19,Last 16,L16,2,Graeme Dott,SCO,2,1,1,31,12,19,50,38.70967742
756,2002,20,First Round,1R,1,Robin Hull,FIN,1,0,1,16,6,10,0,37.5
757,2002,21,Last 16,L16,2,Jimmy White,ENG,2,1,1,28,13,15,50,46.42857143
758,2002,22,First Round,1R,1,Dominic Dale,WAL,1,0,1,12,2,10,0,16.66666667
759,2002,23,Semi-Finals,SF,4,Matthew Stevens,WAL,4,3,1,85,52,33,75,61.17647059
760,2002,24,First Round,1R,1,Mike Dunn,ENG,1,0,1,16,6,10,0,37.5
761,2002,25,Winner,W,6,Peter Ebdon,ENG,5,5,0,121,71,50,100,58.67768595
762,2002,26,First Round,1R,1,Michael Judge,IRL,1,0,1,14,4,10,0,28.57142857
763,2002,27,First Round,1R,1,Joe Swail,NIR,1,0,1,16,6,10,0,37.5
764,2002,28,Last 16,L16,2,Joe Perry,ENG,2,1,1,36,17,19,50,47.22222222
765,2002,29,First Round,1R,1,Dave Harold,ENG,1,0,1,16,6,10,0,37.5
766,2002,30,Quarter-Finals,QF,3,Anthony Hamilton,ENG,3,2,1,57,29,28,66.66666667,50.87719298
767,2002,31,Last 16,L16,2,Mark Williams,WAL,2,1,1,39,19,20,50,48.71794872
768,2002,32,First Round,1R,1,John Parrott,ENG,1,0,1,17,7,10,0,41.17647059
769,2003,1,Quarter-Finals,QF,3,Peter Ebdon,ENG,3,2,1,56,35,21,66.66666667,62.5
770,2003,2,First Round,1R,1,Gerard Greene,NIR,1,0,1,13,3,10,0,23.07692308
771,2003,3,First Round,1R,1,Joe Swail,NIR,1,0,1,18,8,10,0,44.44444444
772,2003,4,Last 16,L16,2,Tony Drago,MLT,2,1,1,36,15,21,50,41.66666667
773,2003,5,Semi-Finals,SF,4,Paul Hunter,ENG,4,3,1,92,52,40,75,56.52173913
774,2003,6,First Round,1R,1,Ali Carter,ENG,1,0,1,15,5,10,0,33.33333333
775,2003,7,Last 16,L16,2,Matthew Stevens,WAL,2,1,1,32,16,16,50,50
776,2003,8,First Round,1R,1,Chris Small,SCO,1,0,1,13,3,10,0,23.07692308
777,2003,9,Runner-Up,TF,5,Ken Doherty,IRL,5,4,1,132,69,63,80,52.27272727
778,2003,10,First Round,1R,1,Shaun Murphy,ENG,1,0,1,19,9,10,0,47.36842105
779,2003,11,Last 16,L16,2,Graeme Dott,SCO,2,1,1,39,22,17,50,56.41025641
780,2003,12,First Round,1R,1,Robert Milkins,ENG,1,0,1,14,4,10,0,28.57142857
781,2003,13,First Round,1R,1,Joe Perry,ENG,1,0,1,14,4,10,0,28.57142857
782,2003,14,Last 16,L16,2,Sean Storey,ENG,2,1,1,34,17,17,50,50
783,2003,15,Quarter-Finals,QF,3,John Higgins,SCO,3,2,1,58,31,27,66.66666667,53.44827586
784,2003,16,First Round,1R,1,Ian McCulloch,ENG,1,0,1,17,7,10,0,41.17647059
785,2003,17,Winner,W,6,Mark Williams,WAL,5,5,0,106,71,35,100,66.98113208
786,2003,18,First Round,1R,1,Stuart Pettman,ENG,1,0,1,12,2,10,0,16.66666667
787,2003,19,Last 16,L16,2,Quinten Hann,AUS,2,1,1,30,12,18,50,40
788,2003,20,First Round,1R,1,John Parrott,ENG,1,0,1,15,5,10,0,33.33333333
789,2003,21,First Round,1R,1,Mark King,ENG,1,0,1,15,5,10,0,33.33333333
790,2003,22,Last 16,L16,2,Drew Henry,SCO,2,1,1,38,20,18,50,52.63157895
791,2003,23,Quarter-Finals,QF,3,Stephen Hendry,SCO,3,2,1,60,30,30,66.66666667,50
792,2003,24,First Round,1R,1,Gary Wilkinson,ENG,1,0,1,17,7,10,0,41.17647059
793,2003,25,Semi-Finals,SF,4,Stephen Lee,ENG,4,3,1,85,44,41,75,51.76470588
794,2003,26,First Round,1R,1,Steve Davis,ENG,1,0,1,16,6,10,0,37.5
795,2003,27,Last 16,L16,2,Jimmy White,ENG,2,1,1,40,21,19,50,52.5
796,2003,28,First Round,1R,1,James Wattana,THA,1,0,1,16,6,10,0,37.5
797,2003,29,Last 16,L16,2,Alan McManus,SCO,2,1,1,37,17,20,50,45.94594595
798,2003,30,First Round,1R,1,Nigel Bond,ENG,1,0,1,17,7,10,0,41.17647059
799,2003,31,First Round,1R,1,Ronnie O'Sullivan,ENG,1,0,1,16,6,10,0,37.5
800,2003,32,Quarter-Finals,QF,3,Marco Fu,HKG,3,2,1,56,30,26,66.66666667,53.57142857
801,2004,1,Last 16,L16,2,Mark Williams,WAL,2,1,1,41,21,20,50,51.2195122
802,2004,2,First Round,1R,1,Dominic Dale,WAL,1,0,1,17,7,10,0,41.17647059
803,2004,3,Quarter-Finals,QF,3,Joe Perry,ENG,3,2,1,64,33,31,66.66666667,51.5625
804,2004,4,First Round,1R,1,Robert Milkins,ENG,1,0,1,17,7,10,0,41.17647059
805,2004,5,Semi-Finals,SF,4,Matthew Stevens,WAL,4,3,1,97,51,46,75,52.57731959
806,2004,6,First Round,1R,1,James Wattana,THA,1,0,1,17,7,10,0,41.17647059
807,2004,7,Last 16,L16,2,Paul Hunter,ENG,2,1,1,42,22,20,50,52.38095238
808,2004,8,First Round,1R,1,John Parrott,ENG,1,0,1,17,7,10,0,41.17647059
809,2004,9,First Round,1R,1,Stephen Lee,ENG,1,0,1,17,7,10,0,41.17647059
810,2004,10,Last 16,L16,2,Lee Walker,WAL,2,1,1,35,15,20,50,42.85714286
811,2004,11,Quarter-Finals,QF,3,David Gray,ENG,3,2,1,55,30,25,66.66666667,54.54545455
812,2004,12,First Round,1R,1,Ali Carter,ENG,1,0,1,17,7,10,0,41.17647059
813,2004,13,Runner-Up,TF,5,Graeme Dott,SCO,5,4,1,120,61,59,80,50.83333333
814,2004,14,First Round,1R,1,Mark King,ENG,1,0,1,19,9,10,0,47.36842105
815,2004,15,Last 16,L16,2,John Higgins,SCO,2,1,1,42,20,22,50,47.61904762
816,2004,16,First Round,1R,1,Ryan Day,WAL,1,0,1,19,9,10,0,47.36842105
817,2004,17,Winner,W,6,Ronnie O'Sullivan,ENG,5,5,0,103,71,32,100,68.93203883
818,2004,18,First Round,1R,1,Stephen Maguire,SCO,1,0,1,16,6,10,0,37.5
819,2004,19,First Round,1R,1,Quinten Hann,AUS,1,0,1,14,4,10,0,28.57142857
820,2004,20,Last 16,L16,2,Andy Hicks,ENG,2,1,1,38,21,17,50,55.26315789
821,2004,21,First Round,1R,1,Steve Davis,ENG,1,0,1,17,7,10,0,41.17647059
822,2004,22,Quarter-Finals,QF,3,Anthony Hamilton,ENG,3,2,1,57,26,31,66.66666667,45.61403509
823,2004,23,First Round,1R,1,Ken Doherty,IRL,1,0,1,15,5,10,0,33.33333333
824,2004,24,Last 16,L16,2,Joe Swail,NIR,2,1,1,39,21,18,50,53.84615385
825,2004,25,First Round,1R,1,Peter Ebdon,ENG,1,0,1,18,8,10,0,44.44444444
826,2004,26,Quarter-Finals,QF,3,Ian McCulloch,ENG,3,2,1,53,26,27,66.66666667,49.05660377
827,2004,27,Last 16,L16,2,Alan McManus,SCO,2,1,1,30,16,14,50,53.33333333
828,2004,28,First Round,1R,1,Chris Small,SCO,1,0,1,11,1,10,0,9.090909091
829,2004,29,First Round,1R,1,Jimmy White,ENG,1,0,1,18,8,10,0,44.44444444
830,2004,30,Last 16,L16,2,Barry Pinches,ENG,2,1,1,43,22,21,50,51.1627907
831,2004,31,Semi-Finals,SF,4,Stephen Hendry,SCO,4,3,1,74,40,34,75,54.05405405
832,2004,32,First Round,1R,1,Stuart Pettman,ENG,1,0,1,12,2,10,0,16.66666667
833,2005,1,Quarter-Finals,QF,3,Ronnie O'Sullivan,ENG,3,2,1,63,34,29,66.66666667,53.96825397
834,2005,2,First Round,1R,1,Stephen Maguire,SCO,1,0,1,19,9,10,0,47.36842105
835,2005,3,First Round,1R,1,Marco Fu,HKG,1,0,1,14,4,10,0,28.57142857
836,2005,4,Last 16,L16,2,Ali Carter,ENG,2,1,1,34,17,17,50,50
837,2005,5,Last 16,L16,2,Stephen Lee,ENG,2,1,1,37,19,18,50,51.35135135
838,2005,6,First Round,1R,1,Tony Drago,MLT,1,0,1,15,5,10,0,33.33333333
839,2005,7,Semi-Finals,SF,4,Peter Ebdon,ENG,4,3,1,87,48,39,75,55.17241379
840,2005,8,First Round,1R,1,Quinten Hann,AUS,1,0,1,12,2,10,0,16.66666667
841,2005,9,Last 16,L16,2,John Higgins,SCO,2,1,1,36,18,18,50,50
842,2005,10,First Round,1R,1,Mark Selby,ENG,1,0,1,15,5,10,0,33.33333333
843,2005,11,First Round,1R,1,Chris Small,SCO,1,0,1,15,5,10,0,33.33333333
844,2005,12,Winner,W,6,Shaun Murphy,ENG,5,5,0,116,71,45,100,61.20689655
845,2005,13,Quarter-Finals,QF,3,Steve Davis,ENG,3,2,1,59,27,32,66.66666667,45.76271186
846,2005,14,First Round,1R,1,Gerard Greene,NIR,1,0,1,19,9,10,0,47.36842105
847,2005,15,First Round,1R,1,Paul Hunter,ENG,1,0,1,18,8,10,0,44.44444444
848,2005,16,Last 16,L16,2,Michael Holt,ENG,2,1,1,41,20,21,50,48.7804878
849,2005,17,Quarter-Finals,QF,3,Stephen Hendry,SCO,3,2,1,57,34,23,66.66666667,59.64912281
850,2005,18,First Round,1R,1,Neil Robertson,AUS,1,0,1,17,7,10,0,41.17647059
851,2005,19,First Round,1R,1,David Gray,ENG,1,0,1,18,8,10,0,44.44444444
852,2005,20,Last 16,L16,2,Anthony Hamilton,ENG,2,1,1,34,13,21,50,38.23529412
853,2005,21,Last 16,L16,2,Jimmy White,ENG,2,1,1,33,15,18,50,45.45454545
854,2005,22,First Round,1R,1,Fergal O'Brien,IRL,1,0,1,15,5,10,0,33.33333333
855,2005,23,Runner-Up,TF,5,Matthew Stevens,WAL,5,4,1,122,69,53,80,56.55737705
856,2005,24,First Round,1R,1,Andy Hicks,ENG,1,0,1,15,5,10,0,33.33333333
857,2005,25,Last 16,L16,2,Ken Doherty,IRL,2,1,1,39,21,18,50,53.84615385
858,2005,26,First Round,1R,1,Barry Pinches,ENG,1,0,1,15,5,10,0,33.33333333
859,2005,27,Quarter-Finals,QF,3,Alan McManus,SCO,3,2,1,64,31,33,66.66666667,48.4375
860,2005,28,First Round,1R,1,Drew Henry,SCO,1,0,1,19,9,10,0,47.36842105
861,2005,29,First Round,1R,1,Graeme Dott,SCO,1,0,1,19,9,10,0,47.36842105
862,2005,30,Semi-Finals,SF,4,Ian McCulloch,ENG,4,3,1,96,50,46,75,52.08333333
863,2005,31,Last 16,L16,2,Mark Williams,WAL,2,1,1,36,22,14,50,61.11111111
864,2005,32,First Round,1R,1,Robert Milkins,ENG,1,0,1,11,1,10,0,9.090909091
865,2006,1,Quarter-Finals,QF,3,Shaun Murphy,ENG,3,2,1,54,30,24,66.66666667,55.55555556
866,2006,2,First Round,1R,1,James Wattana,THA,1,0,1,14,4,10,0,28.57142857
867,2006,3,Last 16,L16,2,Steve Davis,ENG,2,1,1,34,17,17,50,50
868,2006,4,First Round,1R,1,Andy Hicks,ENG,1,0,1,14,4,10,0,28.57142857
869,2006,5,First Round,1R,1,Jimmy White,ENG,1,0,1,15,5,10,0,33.33333333
870,2006,6,Last 16,L16,2,David Gray,ENG,2,1,1,30,12,18,50,40
871,2006,7,Runner-Up,TF,5,Peter Ebdon,ENG,5,4,1,118,67,51,80,56.77966102
872,2006,8,First Round,1R,1,Michael Holt,ENG,1,0,1,18,8,10,0,44.44444444
873,2006,9,Last 16,L16,2,Matthew Stevens,WAL,2,1,1,36,18,18,50,50
874,2006,10,First Round,1R,1,Joe Swail,NIR,1,0,1,15,5,10,0,33.33333333
875,2006,11,Quarter-Finals,QF,3,Ken Doherty,IRL,3,2,1,55,33,22,66.66666667,60
876,2006,12,First Round,1R,1,Barry Hawkins,ENG,1,0,1,11,1,10,0,9.090909091
877,2006,13,First Round,1R,1,Alan McManus,SCO,1,0,1,13,3,10,0,23.07692308
878,2006,14,Semi-Finals,SF,4,Marco Fu,HKG,4,3,1,86,52,34,75,60.46511628
879,2006,15,Last 16,L16,2,Stephen Maguire,SCO,2,1,1,33,14,19,50,42.42424242
880,2006,16,First Round,1R,1,Mark King,ENG,1,0,1,16,6,10,0,37.5
881,2006,17,First Round,1R,1,Stephen Hendry,SCO,1,0,1,19,9,10,0,47.36842105
882,2006,18,Last 16,L16,2,Nigel Bond,ENG,2,1,1,41,19,22,50,46.34146341
883,2006,19,Winner,W,6,Graeme Dott,SCO,5,5,0,120,71,49,100,59.16666667
884,2006,20,First Round,1R,1,John Parrott,ENG,1,0,1,13,3,10,0,23.07692308
885,2006,21,Last 16,L16,2,Stephen Lee,ENG,2,1,1,40,19,21,50,47.5
886,2006,22,First Round,1R,1,Ali Carter,ENG,1,0,1,18,8,10,0,44.44444444
887,2006,23,First Round,1R,1,Paul Hunter,ENG,1,0,1,15,5,10,0,33.33333333
888,2006,24,Quarter-Finals,QF,3,Neil Robertson,AUS,3,2,1,62,35,27,66.66666667,56.4516129
889,2006,25,First Round,1R,1,John Higgins,SCO,1,0,1,14,4,10,0,28.57142857
890,2006,26,Last 16,L16,2,Mark Selby,ENG,2,1,1,35,18,17,50,51.42857143
891,2006,27,Quarter-Finals,QF,3,Mark Williams,WAL,3,2,1,56,34,22,66.66666667,60.71428571
892,2006,28,First Round,1R,1,Anthony Hamilton,ENG,1,0,1,11,1,10,0,9.090909091
893,2006,29,First Round,1R,1,Joe Perry,ENG,1,0,1,13,3,10,0,23.07692308
894,2006,30,Last 16,L16,2,Ryan Day,WAL,2,1,1,36,20,16,50,55.55555556
895,2006,31,Semi-Finals,SF,4,Ronnie O'Sullivan,ENG,4,3,1,89,47,42,75,52.80898876
896,2006,32,First Round,1R,1,Dave Harold,ENG,1,0,1,14,4,10,0,28.57142857
897,2007,1,First Round,1R,1,Graeme Dott,SCO,1,0,1,17,7,10,0,41.17647059
898,2007,2,Last 16,L16,2,Ian McCulloch,ENG,2,1,1,38,18,20,50,47.36842105
899,2007,3,Quarter-Finals,QF,3,Anthony Hamilton,ENG,3,2,1,54,30,24,66.66666667,55.55555556
900,2007,4,First Round,1R,1,Marco Fu,HKG,1,0,1,13,3,10,0,23.07692308
901,2007,5,Semi-Finals,SF,4,Stephen Maguire,SCO,4,3,1,86,51,35,75,59.30232558
902,2007,6,First Round,1R,1,Joe Perry,ENG,1,0,1,13,3,10,0,23.07692308
903,2007,7,First Round,1R,1,Mark Williams,WAL,1,0,1,19,9,10,0,47.36842105
904,2007,8,Last 16,L16,2,Joe Swail,NIR,2,1,1,40,18,22,50,45
905,2007,9,Winner,W,6,John Higgins,SCO,5,5,0,116,71,45,100,61.20689655
906,2007,10,First Round,1R,1,Michael Holt,ENG,1,0,1,14,4,10,0,28.57142857
907,2007,11,First Round,1R,1,Barry Hawkins,ENG,1,0,1,19,9,10,0,47.36842105
908,2007,12,Last 16,L16,2,Fergal O'Brien,IRL,2,1,1,36,14,22,50,38.88888889
909,2007,13,Last 16,L16,2,Neil Robertson,AUS,2,1,1,38,20,18,50,52.63157895
910,2007,14,First Round,1R,1,Ryan Day,WAL,1,0,1,15,5,10,0,33.33333333
911,2007,15,Quarter-Finals,QF,3,Ronnie O'Sullivan,ENG,3,2,1,57,32,25,66.66666667,56.14035088
912,2007,16,First Round,1R,1,Ding Junhui,CHN,1,0,1,12,2,10,0,16.66666667
913,2007,17,First Round,1R,1,Ken Doherty,IRL,1,0,1,17,7,10,0,41.17647059
914,2007,18,Last 16,L16,2,Mark Allen,NIR,2,1,1,39,19,20,50,48.71794872
915,2007,19,Quarter-Finals,QF,3,Matthew Stevens,WAL,3,2,1,59,35,24,66.66666667,59.3220339
916,2007,20,First Round,1R,1,Joe Delaney,IRL,1,0,1,12,2,10,0,16.66666667
917,2007,21,First Round,1R,1,Steve Davis,ENG,1,0,1,19,9,10,0,47.36842105
918,2007,22,Last 16,L16,2,John Parrott,ENG,2,1,1,40,18,22,50,45
919,2007,23,Semi-Finals,SF,4,Shaun Murphy,ENG,4,3,1,95,52,43,75,54.73684211
920,2007,24,First Round,1R,1,Judd Trump,ENG,1,0,1,16,6,10,0,37.5
921,2007,25,Last 16,L16,2,Peter Ebdon,ENG,2,1,1,38,18,20,50,47.36842105
922,2007,26,First Round,1R,1,Nigel Bond,ENG,1,0,1,17,7,10,0,41.17647059
923,2007,27,First Round,1R,1,Stephen Lee,ENG,1,0,1,17,7,10,0,41.17647059
924,2007,28,Runner-Up,TF,5,Mark Selby,ENG,5,4,1,127,66,61,80,51.96850394
925,2007,29,Quarter-Finals,QF,3,Ali Carter,ENG,3,2,1,58,35,23,66.66666667,60.34482759
926,2007,30,First Round,1R,1,Andy Hicks,ENG,1,0,1,14,4,10,0,28.57142857
927,2007,31,Last 16,L16,2,Stephen Hendry,SCO,2,1,1,36,16,20,50,44.44444444
928,2007,32,First Round,1R,1,David Gilbert,ENG,1,0,1,17,7,10,0,41.17647059
929,2008,1,Last 16,L16,2,John Higgins,SCO,2,1,1,37,19,18,50,51.35135135
930,2008,2,First Round,1R,1,Matthew Stevens,WAL,1,0,1,15,5,10,0,33.33333333
931,2008,3,Quarter-Finals,QF,3,Ryan Day,WAL,3,2,1,58,30,28,66.66666667,51.72413793
932,2008,4,First Round,1R,1,Michael Judge,IRL,1,0,1,16,6,10,0,37.5
933,2008,5,Last 16,L16,2,Ding Junhui,CHN,2,1,1,39,17,22,50,43.58974359
934,2008,6,First Round,1R,1,Marco Fu,HKG,1,0,1,19,9,10,0,47.36842105
935,2008,7,Semi-Finals,SF,4,Stephen Hendry,SCO,4,3,1,82,42,40,75,51.2195122
936,2008,8,First Round,1R,1,Mark Allen,NIR,1,0,1,19,9,10,0,47.36842105
937,2008,9,Winner,W,6,Ronnie O'Sullivan,ENG,5,5,0,104,71,33,100,68.26923077
938,2008,10,First Round,1R,1,Liu Chang,CHN,1,0,1,15,5,10,0,33.33333333
939,2008,11,Last 16,L16,2,Mark Williams,WAL,2,1,1,33,17,16,50,51.51515152
940,2008,12,First Round,1R,1,Mark Davis,ENG,1,0,1,13,3,10,0,23.07692308
941,2008,13,First Round,1R,1,Stephen Lee,ENG,1,0,1,14,4,10,0,28.57142857
942,2008,14,Last 16,L16,2,Joe Swail,NIR,2,1,1,39,22,17,50,56.41025641
943,2008,15,First Round,1R,1,Ken Doherty,IRL,1,0,1,15,5,10,0,33.33333333
944,2008,16,Quarter-Finals,QF,3,Liang Wenbo,CHN,3,2,1,60,30,30,66.66666667,50
945,2008,17,Last 16,L16,2,Shaun Murphy,ENG,2,1,1,30,14,16,50,46.66666667
946,2008,18,First Round,1R,1,Dave Harold,ENG,1,0,1,13,3,10,0,23.07692308
947,2008,19,Runner-Up,TF,5,Ali Carter,ENG,5,4,1,116,61,55,80,52.5862069
948,2008,20,First Round,1R,1,Barry Hawkins,ENG,1,0,1,19,9,10,0,47.36842105
949,2008,21,First Round,1R,1,Mark Selby,ENG,1,0,1,18,8,10,0,44.44444444
950,2008,22,Last 16,L16,2,Mark King,ENG,2,1,1,40,19,21,50,47.5
951,2008,23,Quarter-Finals,QF,3,Peter Ebdon,ENG,3,2,1,63,32,31,66.66666667,50.79365079
952,2008,24,First Round,1R,1,Jamie Cope,ENG,1,0,1,19,9,10,0,47.36842105
953,2008,25,Last 16,L16,2,Neil Robertson,AUS,2,1,1,34,17,17,50,50
954,2008,26,First Round,1R,1,Nigel Bond,ENG,1,0,1,14,4,10,0,28.57142857
955,2008,27,Quarter-Finals,QF,3,Stephen Maguire,SCO,3,2,1,58,35,23,66.66666667,60.34482759
956,2008,28,First Round,1R,1,Anthony Hamilton,ENG,1,0,1,13,3,10,0,23.07692308
957,2008,29,First Round,1R,1,Steve Davis,ENG,1,0,1,18,8,10,0,44.44444444
958,2008,30,Last 16,L16,2,Stuart Bingham,ENG,2,1,1,40,19,21,50,47.5
959,2008,31,First Round,1R,1,Graeme Dott,SCO,1,0,1,17,7,10,0,41.17647059
960,2008,32,Semi-Finals,SF,4,Joe Perry,ENG,4,3,1,96,51,45,75,53.125
961,2009,1,Last 16,L16,2,Ronnie O'Sullivan,ENG,2,1,1,39,21,18,50,53.84615385
962,2009,2,First Round,1R,1,Stuart Bingham,ENG,1,0,1,15,5,10,0,33.33333333
963,2009,3,Semi-Finals,SF,4,Mark Allen,NIR,4,3,1,94,49,45,75,52.12765957
964,2009,4,First Round,1R,1,Martin Gould,ENG,1,0,1,16,6,10,0,37.5
965,2009,5,First Round,1R,1,Peter Ebdon,ENG,1,0,1,15,5,10,0,33.33333333
966,2009,6,Last 16,L16,2,Nigel Bond,ENG,2,1,1,33,15,18,50,45.45454545
967,2009,7,Quarter-Finals,QF,3,Ryan Day,WAL,3,2,1,56,34,22,66.66666667,60.71428571
968,2009,8,First Round,1R,1,Stephen Lee,ENG,1,0,1,14,4,10,0,28.57142857
969,2009,9,Winner,W,6,John Higgins,SCO,5,5,0,122,71,51,100,58.19672131
970,2009,10,First Round,1R,1,Michael Holt,ENG,1,0,1,15,5,10,0,33.33333333
971,2009,11,First Round,1R,1,Joe Perry,ENG,1,0,1,16,6,10,0,37.5
972,2009,12,Last 16,L16,2,Jamie Cope,ENG,2,1,1,41,22,19,50,53.65853659
973,2009,13,Last 16,L16,2,Graeme Dott,SCO,2,1,1,41,20,21,50,48.7804878
974,2009,14,First Round,1R,1,Barry Hawkins,ENG,1,0,1,18,8,10,0,44.44444444
975,2009,15,Quarter-Finals,QF,3,Mark Selby,ENG,3,2,1,64,35,29,66.66666667,54.6875
976,2009,16,First Round,1R,1,Ricky Walden,ENG,1,0,1,16,6,10,0,37.5
977,2009,17,Runner-Up,TF,5,Shaun Murphy,ENG,5,4,1,116,62,54,80,53.44827586
978,2009,18,First Round,1R,1,Andrew Higginson,ENG,1,0,1,18,8,10,0,44.44444444
979,2009,19,Last 16,L16,2,Marco Fu,HKG,2,1,1,30,13,17,50,43.33333333
980,2009,20,First Round,1R,1,Joe Swail,NIR,1,0,1,14,4,10,0,28.57142857
981,2009,21,Last 16,L16,2,Ding Junhui,CHN,2,1,1,41,20,21,50,48.7804878
982,2009,22,First Round,1R,1,Liang Wenbo,CHN,1,0,1,18,8,10,0,44.44444444
983,2009,23,Quarter-Finals,QF,3,Stephen Hendry,SCO,3,2,1,64,34,30,66.66666667,53.125
984,2009,24,First Round,1R,1,Mark Williams,WAL,1,0,1,17,7,10,0,41.17647059
985,2009,25,Last 16,L16,2,Ali Carter,ENG,2,1,1,36,18,18,50,50
986,2009,26,First Round,1R,1,Gerard Greene,NIR,1,0,1,15,5,10,0,33.33333333
987,2009,27,Semi-Finals,SF,4,Neil Robertson,AUS,4,3,1,85,50,35,75,58.82352941
988,2009,28,First Round,1R,1,Steve Davis,ENG,1,0,1,12,2,10,0,16.66666667
989,2009,29,Last 16,L16,2,Mark King,ENG,2,1,1,35,16,19,50,45.71428571
990,2009,30,First Round,1R,1,Rory McLeod,ENG,1,0,1,16,6,10,0,37.5
991,2009,31,Quarter-Finals,QF,3,Stephen Maguire,SCO,3,2,1,55,31,24,66.66666667,56.36363636
992,2009,32,First Round,1R,1,Jamie Burnett,SCO,1,0,1,15,5,10,0,33.33333333
993,2010,1,Last 16,L16,2,John Higgins,SCO,2,1,1,40,21,19,50,52.5
994,2010,2,First Round,1R,1,Barry Hawkins,ENG,1,0,1,16,6,10,0,37.5
995,2010,3,First Round,1R,1,Mark King,ENG,1,0,1,19,9,10,0,47.36842105
996,2010,4,Quarter-Finals,QF,3,Steve Davis,ENG,3,2,1,61,28,33,66.66666667,45.90163934
997,2010,5,Winner,W,6,Neil Robertson,AUS,5,5,0,118,71,47,100,60.16949153
998,2010,6,First Round,1R,1,Fergal O'Brien,IRL,1,0,1,15,5,10,0,33.33333333
999,2010,7,First Round,1R,1,Marco Fu,HKG,1,0,1,19,9,10,0,47.36842105
1000,2010,8,Last 16,L16,2,Martin Gould,ENG,2,1,1,44,22,22,50,50
1001,2010,9,Semi-Finals,SF,4,Ali Carter,ENG,4,3,1,92,48,44,75,52.17391304
1002,2010,10,First Round,1R,1,Jamie Cope,ENG,1,0,1,14,4,10,0,28.57142857
1003,2010,11,Last 16,L16,2,Joe Perry,ENG,2,1,1,38,21,17,50,55.26315789
1004,2010,12,First Round,1R,1,Michael Holt,ENG,1,0,1,14,4,10,0,28.57142857
1005,2010,13,Last 16,L16,2,Ding Junhui,CHN,2,1,1,34,20,14,50,58.82352941
1006,2010,14,First Round,1R,1,Stuart Pettman,ENG,1,0,1,11,1,10,0,9.090909091
1007,2010,15,Quarter-Finals,QF,3,Shaun Murphy,ENG,3,2,1,65,35,30,66.66666667,53.84615385
1008,2010,16,First Round,1R,1,Gerard Greene,NIR,1,0,1,17,7,10,0,41.17647059
1009,2010,17,Last 16,L16,2,Stephen Maguire,SCO,2,1,1,33,16,17,50,48.48484848
1010,2010,18,First Round,1R,1,Stephen Lee,ENG,1,0,1,14,4,10,0,28.57142857
1011,2010,19,First Round,1R,1,Peter Ebdon,ENG,1,0,1,15,5,10,0,33.33333333
1012,2010,20,Runner-Up,TF,5,Graeme Dott,SCO,5,4,1,121,66,55,80,54.54545455
1013,2010,21,Quarter-Finals,QF,3,Mark Allen,NIR,3,2,1,57,35,22,66.66666667,61.40350877
1014,2010,22,First Round,1R,1,Tom Ford,ENG,1,0,1,14,4,10,0,28.57142857
1015,2010,23,First Round,1R,1,Ryan Day,WAL,1,0,1,18,8,10,0,44.44444444
1016,2010,24,Last 16,L16,2,Mark Davis,ENG,2,1,1,36,15,21,50,41.66666667
1017,2010,25,Semi-Finals,SF,4,Mark Selby,ENG,4,3,1,87,50,37,75,57.47126437
1018,2010,26,First Round,1R,1,Ken Doherty,IRL,1,0,1,14,4,10,0,28.57142857
1019,2010,27,Last 16,L16,2,Stephen Hendry,SCO,2,1,1,37,15,22,50,40.54054054
1020,2010,28,First Round,1R,1,Zhang Anda,CHN,1,0,1,19,9,10,0,47.36842105
1021,2010,29,Last 16,L16,2,Mark Williams,WAL,2,1,1,38,20,18,50,52.63157895
1022,2010,30,First Round,1R,1,Marcus Campbell,SCO,1,0,1,15,5,10,0,33.33333333
1023,2010,31,Quarter-Finals,QF,3,Ronnie O'Sullivan,ENG,3,2,1,64,34,30,66.66666667,53.125
1024,2010,32,First Round,1R,1,Liang Wenbo,CHN,1,0,1,17,7,10,0,41.17647059
1025,2011,1,First Round,1R,1,Neil Robertson,AUS,1,0,1,18,8,10,0,44.44444444
1026,2011,2,Runner-Up,TF,5,Judd Trump,ENG,5,4,1,120,68,52,80,56.66666667
1027,2011,3,First Round,1R,1,Marco Fu,HKG,1,0,1,18,8,10,0,44.44444444
1028,2011,4,Last 16,L16,2,Martin Gould,ENG,2,1,1,37,16,21,50,43.24324324
1029,2011,5,Quarter-Finals,QF,3,Graeme Dott,SCO,3,2,1,59,28,31,66.66666667,47.45762712
1030,2011,6,First Round,1R,1,Mark King,ENG,1,0,1,17,7,10,0,41.17647059
1031,2011,7,Last 16,L16,2,Ali Carter,ENG,2,1,1,37,21,16,50,56.75675676
1032,2011,8,First Round,1R,1,Dave Harold,ENG,1,0,1,13,3,10,0,23.07692308
1033,2011,9,Semi-Finals,SF,4,Ding Junhui,CHN,4,3,1,92,51,41,75,55.43478261
1034,2011,10,First Round,1R,1,Jamie Burnett,SCO,1,0,1,12,2,10,0,16.66666667
1035,2011,11,First Round,1R,1,Peter Ebdon,ENG,1,0,1,18,8,10,0,44.44444444
1036,2011,12,Last 16,L16,2,Stuart Bingham,ENG,2,1,1,43,22,21,50,51.1627907
1037,2011,13,Last 16,L16,2,Stephen Hendry,SCO,2,1,1,36,14,22,50,38.88888889
1038,2011,14,First Round,1R,1,Joe Perry,ENG,1,0,1,19,9,10,0,47.36842105
1039,2011,15,Quarter-Finals,QF,3,Mark Selby,ENG,3,2,1,51,33,18,66.66666667,64.70588235
1040,2011,16,First Round,1R,1,Jimmy Robertson,ENG,1,0,1,11,1,10,0,9.090909091
1041,2011,17,Semi-Finals,SF,4,Mark Williams,WAL,4,3,1,81,50,31,75,61.72839506
1042,2011,18,First Round,1R,1,Ryan Day,WAL,1,0,1,15,5,10,0,33.33333333
1043,2011,19,Last 16,L16,2,Jamie Cope,ENG,2,1,1,34,14,20,50,41.17647059
1044,2011,20,First Round,1R,1,Andrew Pagett,WAL,1,0,1,17,7,10,0,41.17647059
1045,2011,21,Quarter-Finals,QF,3,Mark Allen,NIR,3,2,1,62,28,34,66.66666667,45.16129032
1046,2011,22,First Round,1R,1,Matthew Stevens,WAL,1,0,1,19,9,10,0,47.36842105
1047,2011,23,First Round,1R,1,Stephen Maguire,SCO,1,0,1,19,9,10,0,47.36842105
1048,2011,24,Last 16,L16,2,Barry Hawkins,ENG,2,1,1,44,22,22,50,50
1049,2011,25,Last 16,L16,2,Shaun Murphy,ENG,2,1,1,34,20,14,50,58.82352941
1050,2011,26,First Round,1R,1,Marcus Campbell,SCO,1,0,1,11,1,10,0,9.090909091
1051,2011,27,Quarter-Finals,QF,3,Ronnie O'Sullivan,ENG,3,2,1,58,33,25,66.66666667,56.89655172
1052,2011,28,First Round,1R,1,Dominic Dale,WAL,1,0,1,12,2,10,0,16.66666667
1053,2011,29,First Round,1R,1,Ricky Walden,ENG,1,0,1,16,6,10,0,37.5
1054,2011,30,Last 16,L16,2,Rory McLeod,ENG,2,1,1,36,17,19,50,47.22222222
1055,2011,31,Winner,W,6,John Higgins,SCO,5,5,0,122,71,51,100,58.19672131
1056,2011,32,First Round,1R,1,Stephen Lee,ENG,1,0,1,15,5,10,0,33.33333333
1057,2012,1,Last 16,L16,2,John Higgins,SCO,2,1,1,36,14,22,50,38.88888889
1058,2012,2,First Round,1R,1,Liang Wenbo,CHN,1,0,1,19,9,10,0,47.36842105
1059,2012,3,First Round,1R,1,Stuart Bingham,ENG,1,0,1,14,4,10,0,28.57142857
1060,2012,4,Quarter-Finals,QF,3,Stephen Hendry,SCO,3,2,1,46,25,21,66.66666667,54.34782609
1061,2012,5,First Round,1R,1,Graeme Dott,SCO,1,0,1,11,1,10,0,9.090909091
1062,2012,6,Last 16,L16,2,Joe Perry,ENG,2,1,1,31,17,14,50,54.83870968
1063,2012,7,Semi-Finals,SF,4,Stephen Maguire,SCO,4,3,1,79,48,31,75,60.75949367
1064,2012,8,First Round,1R,1,Luca Brecel,BEL,1,0,1,15,5,10,0,33.33333333
1065,2012,9,First Round,1R,1,Shaun Murphy,ENG,1,0,1,18,8,10,0,44.44444444
1066,2012,10,Quarter-Finals,QF,3,Jamie Jones,WAL,3,2,1,65,34,31,66.66666667,52.30769231
1067,2012,11,First Round,1R,1,Stephen Lee,ENG,1,0,1,16,6,10,0,37.5
1068,2012,12,Last 16,L16,2,Andrew Higginson,ENG,2,1,1,39,20,19,50,51.28205128
1069,2012,13,Runner-Up,TF,5,Ali Carter,ENG,5,4,1,119,64,55,80,53.78151261
1070,2012,14,First Round,1R,1,Mark Davis,ENG,1,0,1,12,2,10,0,16.66666667
1071,2012,15,Last 16,L16,2,Judd Trump,ENG,2,1,1,42,22,20,50,52.38095238
1072,2012,16,First Round,1R,1,Dominic Dale,WAL,1,0,1,17,7,10,0,41.17647059
1073,2012,17,Last 16,L16,2,Mark Williams,WAL,2,1,1,35,16,19,50,45.71428571
1074,2012,18,First Round,1R,1,Liu Chang,CHN,1,0,1,16,6,10,0,37.5
1075,2012,19,Winner,W,6,Ronnie O'Sullivan,ENG,5,5,0,112,71,41,100,63.39285714
1076,2012,20,First Round,1R,1,Peter Ebdon,ENG,1,0,1,14,4,10,0,28.57142857
1077,2012,21,First Round,1R,1,Martin Gould,ENG,1,0,1,18,8,10,0,44.44444444
1078,2012,22,Last 16,L16,2,David Gilbert,ENG,2,1,1,40,19,21,50,47.5
1079,2012,23,Quarter-Finals,QF,3,Neil Robertson,AUS,3,2,1,59,33,26,66.66666667,55.93220339
1080,2012,24,First Round,1R,1,Ken Doherty,IRL,1,0,1,14,4,10,0,28.57142857
1081,2012,25,First Round,1R,1,Ding Junhui,CHN,1,0,1,19,9,10,0,47.36842105
1082,2012,26,Quarter-Finals,QF,3,Ryan Day,WAL,3,2,1,57,28,29,66.66666667,49.12280702
1083,2012,27,First Round,1R,1,Mark Allen,NIR,1,0,1,16,6,10,0,37.5
1084,2012,28,Last 16,L16,2,Cao Yupeng,CHN,2,1,1,36,17,19,50,47.22222222
1085,2012,29,Semi-Finals,SF,4,Matthew Stevens,WAL,4,3,1,82,46,36,75,56.09756098
1086,2012,30,First Round,1R,1,Marco Fu,HKG,1,0,1,13,3,10,0,23.07692308
1087,2012,31,First Round,1R,1,Mark Selby,ENG,1,0,1,13,3,10,0,23.07692308
1088,2012,32,Last 16,L16,2,Barry Hawkins,ENG,2,1,1,37,21,16,50,56.75675676
1089,2013,1,Winner,W,6,Ronnie O'Sullivan,ENG,5,5,0,110,71,39,100,64.54545455
1090,2013,2,First Round,1R,1,Marcus Campbell,SCO,1,0,1,14,4,10,0,28.57142857
1091,2013,3,Last 16,L16,2,Ali Carter,ENG,2,1,1,35,18,17,50,51.42857143
1092,2013,4,First Round,1R,1,Ben Woollaston,ENG,1,0,1,14,4,10,0,28.57142857
1093,2013,5,Quarter-Finals,QF,3,Stuart Bingham,ENG,3,2,1,52,27,25,66.66666667,51.92307692
1094,2013,6,First Round,1R,1,Sam Baird,ENG,1,0,1,12,2,10,0,16.66666667
1095,2013,7,First Round,1R,1,John Higgins,SCO,1,0,1,16,6,10,0,37.5
1096,2013,8,Last 16,L16,2,Mark Davis,ENG,2,1,1,39,20,19,50,51.28205128
1097,2013,9,Quarter-Finals,QF,3,Shaun Murphy,ENG,3,2,1,64,35,29,66.66666667,54.6875
1098,2013,10,First Round,1R,1,Martin Gould,ENG,1,0,1,15,5,10,0,33.33333333
1099,2013,11,Last 16,L16,2,Graeme Dott,SCO,2,1,1,40,21,19,50,52.5
1100,2013,12,First Round,1R,1,Peter Ebdon,ENG,1,0,1,16,6,10,0,37.5
1101,2013,13,First Round,1R,1,Matthew Stevens,WAL,1,0,1,17,7,10,0,41.17647059
1102,2013,14,Last 16,L16,2,Marco Fu,HKG,2,1,1,37,17,20,50,45.94594595
1103,2013,15,Semi-Finals,SF,4,Judd Trump,ENG,4,3,1,88,47,41,75,53.40909091
1104,2013,16,First Round,1R,1,Dominic Dale,WAL,1,0,1,15,5,10,0,33.33333333
1105,2013,17,First Round,1R,1,Neil Robertson,AUS,1,0,1,18,8,10,0,44.44444444
1106,2013,18,Last 16,L16,2,Robert Milkins,ENG,2,1,1,42,21,21,50,50
1107,2013,19,Semi-Finals,SF,4,Ricky Walden,ENG,4,3,1,85,50,35,75,58.82352941
1108,2013,20,First Round,1R,1,Michael Holt,ENG,1,0,1,11,1,10,0,9.090909091
1109,2013,21,First Round,1R,1,Mark Williams,WAL,1,0,1,16,6,10,0,37.5
1110,2013,22,Quarter-Finals,QF,3,Michael White,WAL,3,2,1,51,29,22,66.66666667,56.8627451
1111,2013,23,First Round,1R,1,Stephen Maguire,SCO,1,0,1,19,9,10,0,47.36842105
1112,2013,24,Last 16,L16,2,Dechawat Poomjaeng,THA,2,1,1,35,13,22,50,37.14285714
1113,2013,25,First Round,1R,1,Mark Allen,NIR,1,0,1,18,8,10,0,44.44444444
1114,2013,26,Last 16,L16,2,Mark King,ENG,2,1,1,40,19,21,50,47.5
1115,2013,27,Quarter-Finals,QF,3,Ding Junhui,CHN,3,2,1,57,30,27,66.66666667,52.63157895
1116,2013,28,First Round,1R,1,Alan McManus,SCO,1,0,1,15,5,10,0,33.33333333
1117,2013,29,Runner-Up,TF,5,Barry Hawkins,ENG,5,4,1,117,65,52,80,55.55555556
1118,2013,30,First Round,1R,1,Jack Lisowski,ENG,1,0,1,13,3,10,0,23.07692308
1119,2013,31,Last 16,L16,2,Mark Selby,ENG,2,1,1,37,20,17,50,54.05405405
1120,2013,32,First Round,1R,1,Matthew Selt,ENG,1,0,1,14,4,10,0,28.57142857
1121,2014,1,Runner-Up,TF,5,Ronnie O'Sullivan,ENG,5,4,1,110,67,43,80,60.90909091
1122,2014,2,First Round,1R,1,Robin Hull,FIN,1,0,1,14,4,10,0,28.57142857
1123,2014,3,Last 16,L16,2,Joe Perry,ENG,2,1,1,41,21,20,50,51.2195122
1124,2014,4,First Round,1R,1,Jamie Burnett,SCO,1,0,1,17,7,10,0,41.17647059
1125,2014,5,Quarter-Finals,QF,3,Shaun Murphy,ENG,3,2,1,56,26,30,66.66666667,46.42857143
1126,2014,6,First Round,1R,1,Jamie Cope,ENG,1,0,1,19,9,10,0,47.36842105
1127,2014,7,Last 16,L16,2,Marco Fu,HKG,2,1,1,38,18,20,50,47.36842105
1128,2014,8,First Round,1R,1,Martin Gould,ENG,1,0,1,17,7,10,0,41.17647059
1129,2014,9,Semi-Finals,SF,4,Barry Hawkins,ENG,4,3,1,87,43,44,75,49.42528736
1130,2014,10,First Round,1R,1,David Gilbert,ENG,1,0,1,14,4,10,0,28.57142857
1131,2014,11,Last 16,L16,2,Ricky Walden,ENG,2,1,1,41,21,20,50,51.2195122
1132,2014,12,First Round,1R,1,Kyren Wilson,ENG,1,0,1,17,7,10,0,41.17647059
1133,2014,13,First Round,1R,1,Mark Davis,ENG,1,0,1,15,5,10,0,33.33333333
1134,2014,14,Quarter-Finals,QF,3,Dominic Dale,WAL,3,2,1,57,35,22,66.66666667,61.40350877
1135,2014,15,First Round,1R,1,Ding Junhui,CHN,1,0,1,19,9,10,0,47.36842105
1136,2014,16,Last 16,L16,2,Michael Wasley,ENG,2,1,1,36,14,22,50,38.88888889
1137,2014,17,Winner,W,6,Mark Selby,ENG,5,5,0,123,71,52,100,57.72357724
1138,2014,18,First Round,1R,1,Michael White,WAL,1,0,1,19,9,10,0,47.36842105
1139,2014,19,Last 16,L16,2,Ali Carter,ENG,2,1,1,39,19,20,50,48.71794872
1140,2014,20,First Round,1R,1,Xiao Guodong,CHN,1,0,1,17,7,10,0,41.17647059
1141,2014,21,First Round,1R,1,John Higgins,SCO,1,0,1,17,7,10,0,41.17647059
1142,2014,22,Quarter-Finals,QF,3,Alan McManus,SCO,3,2,1,56,28,28,66.66666667,50
1143,2014,23,First Round,1R,1,Stuart Bingham,ENG,1,0,1,15,5,10,0,33.33333333
1144,2014,24,Last 16,L16,2,Ken Doherty,IRL,2,1,1,36,18,18,50,50
1145,2014,25,Quarter-Finals,QF,3,Judd Trump,ENG,3,2,1,62,34,28,66.66666667,54.83870968
1146,2014,26,First Round,1R,1,Tom Ford,ENG,1,0,1,18,8,10,0,44.44444444
1147,2014,27,First Round,1R,1,Stephen Maguire,SCO,1,0,1,19,9,10,0,47.36842105
1148,2014,28,Last 16,L16,2,Ryan Day,WAL,2,1,1,39,17,22,50,43.58974359
1149,2014,29,Last 16,L16,2,Mark Allen,NIR,2,1,1,34,17,17,50,50
1150,2014,30,First Round,1R,1,Michael Holt,ENG,1,0,1,14,4,10,0,28.57142857
1151,2014,31,Semi-Finals,SF,4,Neil Robertson,AUS,4,3,1,88,51,37,75,57.95454545
1152,2014,32,First Round,1R,1,Robbie Williams,ENG,1,0,1,12,2,10,0,16.66666667
1153,2015,1,Last 16,L16,2,Mark Selby,ENG,2,1,1,41,19,22,50,46.34146341
1154,2015,2,First Round,1R,1,Kurt Maflin,NOR,1,0,1,19,9,10,0,47.36842105
1155,2015,3,First Round,1R,1,Stephen Maguire,SCO,1,0,1,19,9,10,0,47.36842105
1156,2015,4,Quarter-Finals,QF,3,Anthony McGill,SCO,3,2,1,62,31,31,66.66666667,50
1157,2015,5,Last 16,L16,2,Joe Perry,ENG,2,1,1,32,15,17,50,46.875
1158,2015,6,First Round,1R,1,Zhang Anda,CHN,1,0,1,14,4,10,0,28.57142857
1159,2015,7,Runner-Up,TF,5,Shaun Murphy,ENG,5,4,1,111,68,43,80,61.26126126
1160,2015,8,First Round,1R,1,Robin Hull,FIN,1,0,1,13,3,10,0,23.07692308
1161,2015,9,Semi-Finals,SF,4,Barry Hawkins,ENG,4,3,1,94,45,49,75,47.87234043
1162,2015,10,First Round,1R,1,Matthew Selt,ENG,1,0,1,19,9,10,0,47.36842105
1163,2015,11,Last 16,L16,2,Mark Allen,NIR,2,1,1,37,21,16,50,56.75675676
1164,2015,12,First Round,1R,1,Ryan Day,WAL,1,0,1,13,3,10,0,23.07692308
1165,2015,13,Last 16,L16,2,Ali Carter,ENG,2,1,1,33,15,18,50,45.45454545
1166,2015,14,First Round,1R,1,Alan McManus,SCO,1,0,1,15,5,10,0,33.33333333
1167,2015,15,Quarter-Finals,QF,3,Neil Robertson,AUS,3,2,1,55,35,20,66.66666667,63.63636364
1168,2015,16,First Round,1R,1,Jamie Jones,WAL,1,0,1,12,2,10,0,16.66666667
1169,2015,17,Quarter-Finals,QF,3,Ding Junhui,CHN,3,2,1,56,27,29,66.66666667,48.21428571
1170,2015,18,First Round,1R,1,Mark Davis,ENG,1,0,1,17,7,10,0,41.17647059
1171,2015,19,Last 16,L16,2,John Higgins,SCO,2,1,1,37,19,18,50,51.35135135
1172,2015,20,First Round,1R,1,Robert Milkins,ENG,1,0,1,15,5,10,0,33.33333333
1173,2015,21,Last 16,L16,2,Marco Fu,HKG,2,1,1,37,18,19,50,48.64864865
1174,2015,22,First Round,1R,1,Jimmy Robertson,ENG,1,0,1,16,6,10,0,37.5
1175,2015,23,Semi-Finals,SF,4,Judd Trump,ENG,4,3,1,87,52,35,75,59.77011494
1176,2015,24,First Round,1R,1,Stuart Carrington,ENG,1,0,1,16,6,10,0,37.5
1177,2015,25,First Round,1R,1,Ricky Walden,ENG,1,0,1,18,8,10,0,44.44444444
1178,2015,26,Last 16,L16,2,Graeme Dott,SCO,2,1,1,36,15,21,50,41.66666667
1179,2015,27,Winner,W,6,Stuart Bingham,ENG,5,5,0,123,71,52,100,57.72357724
1180,2015,28,First Round,1R,1,Robbie Williams,ENG,1,0,1,17,7,10,0,41.17647059
1181,2015,29,First Round,1R,1,Mark Williams,WAL,1,0,1,12,2,10,0,16.66666667
1182,2015,30,Last 16,L16,2,Matthew Stevens,WAL,2,1,1,30,15,15,50,50
1183,2015,31,Quarter-Finals,QF,3,Ronnie O'Sullivan,ENG,3,2,1,53,32,21,66.66666667,60.37735849
1184,2015,32,First Round,1R,1,Craig Steadman,ENG,1,0,1,13,3,10,0,23.07692308
1185,2016,1,First Round,1R,1,Stuart Bingham,ENG,1,0,1,19,9,10,0,47.36842105
1186,2016,2,Last 16,L16,2,Ali Carter,ENG,2,1,1,43,21,22,50,48.8372093
1187,2016,3,First Round,1R,1,Stephen Maguire,SCO,1,0,1,17,7,10,0,41.17647059
1188,2016,4,Semi-Finals,SF,4,Alan McManus,SCO,4,3,1,93,47,46,75,50.53763441
1189,2016,5,Last 16,L16,2,Ricky Walden,ENG,2,1,1,39,18,21,50,46.15384615
1190,2016,6,First Round,1R,1,Robbie Williams,ENG,1,0,1,18,8,10,0,44.44444444
1191,2016,7,Quarter-Finals,QF,3,John Higgins,SCO,3,2,1,58,34,24,66.66666667,58.62068966
1192,2016,8,First Round,1R,1,Ryan Day,WAL,1,0,1,13,3,10,0,23.07692308
1193,2016,9,Last 16,L16,2,Judd Trump,ENG,2,1,1,41,20,21,50,48.7804878
1194,2016,10,First Round,1R,1,Liang Wenbo,CHN,1,0,1,18,8,10,0,44.44444444
1195,2016,11,First Round,1R,1,Martin Gould,ENG,1,0,1,18,8,10,0,44.44444444
1196,2016,12,Runner-Up,TF,5,Ding Junhui,CHN,5,4,1,117,67,50,80,57.26495726
1197,2016,13,Quarter-Finals,QF,3,Mark Williams,WAL,3,2,1,51,26,25,66.66666667,50.98039216
1198,2016,14,First Round,1R,1,Graeme Dott,SCO,1,0,1,14,4,10,0,28.57142857
1199,2016,15,First Round,1R,1,Neil Robertson,AUS,1,0,1,16,6,10,0,37.5
1200,2016,16,Last 16,L16,2,Michael Holt,ENG,2,1,1,37,18,19,50,48.64864865
1201,2016,17,First Round,1R,1,Shaun Murphy,ENG,1,0,1,18,8,10,0,44.44444444
1202,2016,18,Last 16,L16,2,Anthony McGill,SCO,2,1,1,40,19,21,50,47.5
1203,2016,19,Semi-Finals,SF,4,Marco Fu,HKG,4,3,1,90,51,39,75,56.66666667
1204,2016,20,First Round,1R,1,Peter Ebdon,ENG,1,0,1,12,2,10,0,16.66666667
1205,2016,21,Quarter-Finals,QF,3,Barry Hawkins,ENG,3,2,1,64,34,30,66.66666667,53.125
1206,2016,22,First Round,1R,1,Zhang Anda,CHN,1,0,1,15,5,10,0,33.33333333
1207,2016,23,Last 16,L16,2,Ronnie O'Sullivan,ENG,2,1,1,42,22,20,50,52.38095238
1208,2016,24,First Round,1R,1,David Gilbert,ENG,1,0,1,17,7,10,0,41.17647059
1209,2016,25,Last 16,L16,2,Mark Allen,NIR,2,1,1,35,19,16,50,54.28571429
1210,2016,26,First Round,1R,1,Mitchell Mann,ENG,1,0,1,13,3,10,0,23.07692308
1211,2016,27,First Round,1R,1,Joe Perry,ENG,1,0,1,19,9,10,0,47.36842105
1212,2016,28,Quarter-Finals,QF,3,Kyren Wilson,ENG,3,2,1,62,31,31,66.66666667,50
1213,2016,29,First Round,1R,1,Michael White,WAL,1,0,1,17,7,10,0,41.17647059
1214,2016,30,Last 16,L16,2,Sam Baird,ENG,2,1,1,41,21,20,50,51.2195122
1215,2016,31,Winner,W,6,Mark Selby,ENG,5,5,0,125,71,54,100,56.8
1216,2016,32,First Round,1R,1,Robert Milkins,ENG,1,0,1,16,6,10,0,37.5
1217,2017,1,Winner,W,6,Mark Selby,ENG,5,5,0,112,71,41,100,63.39285714
1218,2017,2,First Round,1R,1,Fergal O'Brien,IRL,1,0,1,12,2,10,0,16.66666667
1219,2017,3,First Round,1R,1,Ryan Day,WAL,1,0,1,14,4,10,0,28.57142857
1220,2017,4,Last 16,L16,2,Xiao Guodong,CHN,2,1,1,33,16,17,50,48.48484848
1221,2017,5,Last 16,L16,2,Neil Robertson,AUS,2,1,1,38,21,17,50,55.26315789
1222,2017,6,First Round,1R,1,Noppon Saengkham,THA,1,0,1,14,4,10,0,28.57142857
1223,2017,7,Quarter-Finals,QF,3,Marco Fu,HKG,3,2,1,59,26,33,66.66666667,44.06779661
1224,2017,8,First Round,1R,1,Luca Brecel,BEL,1,0,1,19,9,10,0,47.36842105
1225,2017,9,Last 16,L16,2,Shaun Murphy,ENG,2,1,1,38,17,21,50,44.73684211
1226,2017,10,First Round,1R,1,Yan Bingtao,CHN,1,0,1,18,8,10,0,44.44444444
1227,2017,11,Quarter-Finals,QF,3,Ronnie O'Sullivan,ENG,3,2,1,61,33,28,66.66666667,54.09836066
1228,2017,12,First Round,1R,1,Gary Wilson,ENG,1,0,1,18,8,10,0,44.44444444
1229,2017,13,Last 16,L16,2,Liang Wenbo,CHN,2,1,1,42,22,20,50,52.38095238
1230,2017,14,First Round,1R,1,Stuart Carrington,ENG,1,0,1,17,7,10,0,41.17647059
1231,2017,15,Semi-Finals,SF,4,Ding Junhui,CHN,4,3,1,95,51,44,75,53.68421053
1232,2017,16,First Round,1R,1,Zhou Yuelong,CHN,1,0,1,15,5,10,0,33.33333333
1233,2017,17,Last 16,L16,2,Stuart Bingham,ENG,2,1,1,38,20,18,50,52.63157895
1234,2017,18,First Round,1R,1,Peter Ebdon,ENG,1,0,1,15,5,10,0,33.33333333
1235,2017,19,Quarter-Finals,QF,3,Kyren Wilson,ENG,3,2,1,58,29,29,66.66666667,50
1236,2017,20,First Round,1R,1,David Grace,ENG,1,0,1,16,6,10,0,37.5
1237,2017,21,Last 16,L16,2,Mark Allen,NIR,2,1,1,40,19,21,50,47.5
1238,2017,22,First Round,1R,1,Jimmy Robertson,ENG,1,0,1,18,8,10,0,44.44444444
1239,2017,23,Runner-Up,TF,5,John Higgins,SCO,5,4,1,115,68,47,80,59.13043478
1240,2017,24,First Round,1R,1,Martin Gould,ENG,1,0,1,16,6,10,0,37.5
1241,2017,25,Semi-Finals,SF,4,Barry Hawkins,ENG,4,3,1,79,44,35,75,55.69620253
1242,2017,26,First Round,1R,1,Tom Ford,ENG,1,0,1,13,3,10,0,23.07692308
1243,2017,27,First Round,1R,1,Ali Carter,ENG,1,0,1,17,7,10,0,41.17647059
1244,2017,28,Last 16,L16,2,Graeme Dott,SCO,2,1,1,36,16,20,50,44.44444444
1245,2017,29,First Round,1R,1,Anthony McGill,SCO,1,0,1,12,2,10,0,16.66666667
1246,2017,30,Quarter-Finals,QF,3,Stephen Maguire,SCO,3,2,1,50,32,18,66.66666667,64
1247,2017,31,First Round,1R,1,Judd Trump,ENG,1,0,1,18,8,10,0,44.44444444
1248,2017,32,Last 16,L16,2,Rory McLeod,ENG,2,1,1,34,13,21,50,38.23529412
